product,rating,rating count,price,product url
"10 Inch Planter Pot with Stand, Mid-Century Tall Plant Pot with Legs for Indoor Plants, Medium, Black, 88-ST-2-M  ",4.7 out of 5 stars,596  ,79.99,https://amazon.com/sspa/click?ie=UTF8&spc=MTo3MzQwNTAwODE5NTE1NjQ6MTY2NTU2NjcwMDpzcF9hdGY6MjAwMDkxNjAyNTIzNjk4OjowOjo&sp_csd=d2lkZ2V0TmFtZT1zcF9hdGY&url=%2FInches-Planter-Mid-Century-Finishing-Drainage%2Fdp%2FB07SG2JFYR%2Fref%3Dsr_1_1_sspa%3Fkeywords%3Dindoor%2Bplants%26qid%3D1665566700%26qu%3DeyJxc2MiOiI3LjU4IiwicXNhIjoiNy40MiIsInFzcCI6IjYuNzcifQ%253D%253D%26sr%3D8-1-spons%26psc%3D1
"Umbra Triflora Hanging Planter for Window, Indoor Herb Garden, White/Black, Triple  ",4.5 out of 5 stars,"7,241  ",30.77,https://amazon.com/Umbra-Triflora-Hanging-Planter-Window/dp/B07M8P93FD/ref=sr_1_9?keywords=indoor+plants&qid=1665566700&qu=eyJxc2MiOiI3LjU4IiwicXNhIjoiNy40MiIsInFzcCI6IjYuNzcifQ%3D%3D&sr=8-9
Whonline Artificial Hanging Plants Small Fake Potted Plants for Indoor Outdoor Shelf Decor (1 Pack)  ,4.2 out of 5 stars,"2,265  ",13.99,https://amazon.com/Whonline-Artificial-Hanging-Plants-Outdoor/dp/B091647KGL/ref=sr_1_11?keywords=indoor+plants&qid=1665566700&qu=eyJxc2MiOiI3LjU4IiwicXNhIjoiNy40MiIsInFzcCI6IjYuNzcifQ%3D%3D&sr=8-11
"LINZINAR Plant Stand 4 Tier 5 Potted Indoor Plant Shelf Multiple Stands for Garden Corner Balcony Living Room (4 Tier 5 Potted, Black)  ",4.1 out of 5 stars,935  ,31.99,https://amazon.com/sspa/click?ie=UTF8&spc=MTo3MzQwNTAwODE5NTE1NjQ6MTY2NTU2NjcwMDpzcF9tdGY6MjAwMDU4OTQyMjU4MTk4OjowOjo&sp_csd=d2lkZ2V0TmFtZT1zcF9tdGY&url=%2FLINZINAR-Potted-Indoor-Multiple-Balcony%2Fdp%2FB09H5BB7KV%2Fref%3Dsr_1_13_sspa%3Fkeywords%3Dindoor%2Bplants%26qid%3D1665566700%26qu%3DeyJxc2MiOiI3LjU4IiwicXNhIjoiNy40MiIsInFzcCI6IjYuNzcifQ%253D%253D%26sr%3D8-13-spons%26psc%3D1
Face Planters Pots Succulent Planters Flower Pot Cute Head Planter Pot - Planters for Indoor Outdoor Plants  ,4.7 out of 5 stars,594  ,14.77,https://amazon.com/Face-Planters-Succulent-Flower-Planter/dp/B09WJZFH3Z/ref=sr_1_16?keywords=indoor+plants&qid=1665566700&qu=eyJxc2MiOiI3LjU4IiwicXNhIjoiNy40MiIsInFzcCI6IjYuNzcifQ%3D%3D&sr=8-16
"Wall Planters for Indoor Plants - 10 Pack, 4 Inch Self Watering Planters and Pots, White Wall Mount Planter Plant Holder, Modern Hydroponic Wall Pots Vertical Wall Planter Living Plant Wall Garden  ",4.4 out of 5 stars,13  ,26.99,https://amazon.com/Wall-Planters-Indoor-Plants-Hydroponic/dp/B0B2DX1NQ9/ref=sr_1_19?keywords=indoor+plants&qid=1665566700&qu=eyJxc2MiOiI3LjU4IiwicXNhIjoiNy40MiIsInFzcCI6IjYuNzcifQ%3D%3D&sr=8-19
Plant Stand Indoor Outdoor，Tall Black Metal Rustproof Stable Plant Stands，2 Tier 27.1 inch Multiple Plant Rack for Planter Corner Garden Living Room & Garden  ,5.0 out of 5 stars,1  ,19.1,https://amazon.com/Outdoor%EF%BC%8CTall-Rustproof-Stands%EF%BC%8C2-Multiple-Planter/dp/B0BB64C5QH/ref=sr_1_20?keywords=indoor+plants&qid=1665566700&qu=eyJxc2MiOiI3LjU4IiwicXNhIjoiNy40MiIsInFzcCI6IjYuNzcifQ%3D%3D&sr=8-20
"Vanavazon 6 Inch Self Watering Planter Pots for Indoor Plants, 3 Pack African Violet Pots with Wick Rope-Black  ",4.6 out of 5 stars,"1,811  ",16.99,https://amazon.com/Vanavazon-Watering-Planter-African-Rope-Black/dp/B09PQJ893P/ref=sr_1_21?keywords=indoor+plants&qid=1665566700&qu=eyJxc2MiOiI3LjU4IiwicXNhIjoiNy40MiIsInFzcCI6IjYuNzcifQ%3D%3D&sr=8-21
Plant Stand Indoor Outdoor，Tall Black Metal Rustproof Stable Plant Stands，2 Tier 27.1 inch Multiple Plant Rack for Planter Corner Garden Living Room & Garden  ,5.0 out of 5 stars,1  ,19.1,https://amazon.com/sspa/click?ie=UTF8&spc=MTo3MzQwNTAwODE5NTE1NjQ6MTY2NTU2NjcwMDpzcF9tdGY6MjAwMDkxODQ2MzIzNzk4OjowOjo&sp_csd=d2lkZ2V0TmFtZT1zcF9tdGY&url=%2FOutdoor%25EF%25BC%258CTall-Rustproof-Stands%25EF%25BC%258C2-Multiple-Planter%2Fdp%2FB0BB64C5QH%2Fref%3Dsr_1_22_sspa%3Fkeywords%3Dindoor%2Bplants%26qid%3D1665566700%26qu%3DeyJxc2MiOiI3LjU4IiwicXNhIjoiNy40MiIsInFzcCI6IjYuNzcifQ%253D%253D%26sr%3D8-22-spons%26psc%3D1
European-Style Retro Flower Stand/Plant Stand Wrought Iron Flower Stand 4-Layer Plant Flower Pot Stand with Brake Wheel Frame Brown Flower Stand  ,4.0 out of 5 stars,22  ,43.99,https://amazon.com/sspa/click?ie=UTF8&spc=MTo3MzQwNTAwODE5NTE1NjQ6MTY2NTU2NjcwMDpzcF9tdGY6MjAwMDgzODc0NTkxNzk4OjowOjo&sp_csd=d2lkZ2V0TmFtZT1zcF9tdGY&url=%2FEuropean-Style-Retro-Flower-Wrought-4-Layer%2Fdp%2FB08BZDQKXC%2Fref%3Dsr_1_23_sspa%3Fkeywords%3Dindoor%2Bplants%26qid%3D1665566700%26qu%3DeyJxc2MiOiI3LjU4IiwicXNhIjoiNy40MiIsInFzcCI6IjYuNzcifQ%253D%253D%26sr%3D8-23-spons%26psc%3D1%26smid%3DA3RHHD9SPWMO24
"Shprout 6 inch (Small), 9 inch (Medium) and 12 inch (Large) - Set of 3 Licorice Black Planters, Hand Glazed Ceramic Pots for Plants with Matte Finish - Modern & Large Planters for Indoor Plants  ",4.3 out of 5 stars,41  ,94.95,https://amazon.com/sspa/click?ie=UTF8&spc=MTo3MzQwNTAwODE5NTE1NjQ6MTY2NTU2NjcwMDpzcF9tdGY6MjAwMDQzODcwMTA0MTk4OjowOjo&sp_csd=d2lkZ2V0TmFtZT1zcF9tdGY&url=%2FShprout-inch-Small-Medium-Large%2Fdp%2FB09G9D4S4X%2Fref%3Dsr_1_24_sspa%3Fkeywords%3Dindoor%2Bplants%26qid%3D1665566700%26qu%3DeyJxc2MiOiI3LjU4IiwicXNhIjoiNy40MiIsInFzcCI6IjYuNzcifQ%253D%253D%26sr%3D8-24-spons%26psc%3D1
"Hanging Planters for Window with Plants Pots - Wall / Window Plant Hanger Indoor Herb Garden (1pc, White)  ",4.5 out of 5 stars,857  ,15.99,https://amazon.com/sspa/click?ie=UTF8&spc=MTo3MzQwNTAwODE5NTE1NjQ6MTY2NTU2NjcwMDpzcF9tdGY6MjAwMDgzMDEyNjA2MDk4OjowOjo&sp_csd=d2lkZ2V0TmFtZT1zcF9tdGY&url=%2FHanging-Planters-Window-Plants-Pots%2Fdp%2FB0B776KPM7%2Fref%3Dsr_1_25_sspa%3Fkeywords%3Dindoor%2Bplants%26qid%3D1665566700%26qu%3DeyJxc2MiOiI3LjU4IiwicXNhIjoiNy40MiIsInFzcCI6IjYuNzcifQ%253D%253D%26sr%3D8-25-spons%26psc%3D1%26smid%3DAHEII252NMGJ
"WellSign Wooden Trellis for Potted Plants, 16inch Small Garden Plant Trellis for Climbing Plants Indoor with Moisture-Proof Layer for Ivy Vine Plant, Honeycomb Trellis Flower Pot Plant Support 2Pack  ",5.0 out of 5 stars,3  ,11.99,https://amazon.com/WellSign-Wooden-Trellis-Small-Moisture-Proof/dp/B0BC761VKD/ref=sr_1_26?keywords=indoor+plants&qid=1665566700&qu=eyJxc2MiOiI3LjU4IiwicXNhIjoiNy40MiIsInFzcCI6IjYuNzcifQ%3D%3D&sr=8-26
Tagobar Planter Plant Pots Indoor - 4.7 Inch Modern Ceramic Flower Pot with Drainage Hole for Home Office Decoration (White Black)(Plant Not Included)  ,4.8 out of 5 stars,75  ,13.99,https://amazon.com/Tagobar-Planter-Plant-Pots-Indoor/dp/B09VBMGNWL/ref=sr_1_27?keywords=indoor+plants&qid=1665566700&qu=eyJxc2MiOiI3LjU4IiwicXNhIjoiNy40MiIsInFzcCI6IjYuNzcifQ%3D%3D&sr=8-27
"homenote Plastic Planter 7/6/5.5/4.8/4.5 Inch Flower Pot Indoor Modern Decorative Plastic Pots for Plants with Drainage Hole and Tray for All House Plants, Succulents, Flowers, and Cactus, Black  ",4.7 out of 5 stars,"17,339  ",13.59,https://amazon.com/Plastic-HOMENOTE-Decorative-Drainage-Succulents/dp/B089ZTZ94V/ref=sr_1_28?keywords=indoor+plants&qid=1665566700&qu=eyJxc2MiOiI3LjU4IiwicXNhIjoiNy40MiIsInFzcCI6IjYuNzcifQ%3D%3D&sr=8-28
"2 Pack Eco Joy Boho Metal Hanging Planters with 6"" Pot (Detachable) + Hook + Chain | Hanging Planters Indoor, Modern Wall & Ceiling Planters, Mid Century Planter for Indoor & Outdoor, NO Plant incld  ",4.8 out of 5 stars,943  ,30.99,https://amazon.com/Eco-Joy-Hanging-Planters-Removable/dp/B089FC14SP/ref=sr_1_29?keywords=indoor+plants&qid=1665566700&qu=eyJxc2MiOiI3LjU4IiwicXNhIjoiNy40MiIsInFzcCI6IjYuNzcifQ%3D%3D&sr=8-29
"Warmplus Plastic Planters for Indoor Plants, 8/7/6.5/6/5.5/5 Inch Plant Pots with Drainage Holes, Watering Wick, Watering Lip for Most Indoor Outdoor Plants and Flowers, Green  ",4.7 out of 5 stars,125  ,22.99,https://amazon.com/Warmplus-Plastic-Planters-Drainage-Watering/dp/B09VBV65HK/ref=sr_1_31?keywords=indoor+plants&qid=1665566700&qu=eyJxc2MiOiI3LjU4IiwicXNhIjoiNy40MiIsInFzcCI6IjYuNzcifQ%3D%3D&sr=8-31
"Metal Plant Stand Shelf for Indoor Outdoor Plants Multiple, 4 Tier Tall Corner Vertical Stands, Tiered Flower Pot Holder Rack Planter for Patio, Living Room, Balcony, Black  ",5.0 out of 5 stars,5  ,25.99,https://amazon.com/Outdoor-Multiple-Vertical-Planter-Balcony/dp/B0B4H5224P/ref=sr_1_33?keywords=indoor+plants&qid=1665566700&qu=eyJxc2MiOiI3LjU4IiwicXNhIjoiNy40MiIsInFzcCI6IjYuNzcifQ%3D%3D&sr=8-33
"Self Watering Pots for Indoor Plants, ETGLCOZY 5 Pack 6/4.1/3.2 Inch Flower Pot Modern Decorative Plastic Planter with Extra Large Water Storage for All House Plants, Flowers, Herbs(White)  ",4.5 out of 5 stars,"1,592  ",19.99,https://amazon.com/Watering-ETGLCOZY-Decorative-Plastic-Planter/dp/B08SJXV1BR/ref=sr_1_35?keywords=indoor+plants&qid=1665566700&qu=eyJxc2MiOiI3LjU4IiwicXNhIjoiNy40MiIsInFzcCI6IjYuNzcifQ%3D%3D&sr=8-35
"Metal Plant Stand Indoor Outdoor - 2 Tier Plant Shelf Heavy Duty - Corner Flower Pot Holder Stands Rack for Plants Multiple - Potted Plant Stands - Tiered Planter Shelves for Patio, Living Room, Balcony (Black)  ",4.6 out of 5 stars,4  ,14.99,https://amazon.com/Metal-Plant-Stand-Indoor-Outdoor/dp/B0B5T45GS1/ref=sr_1_36?keywords=indoor+plants&qid=1665566700&qu=eyJxc2MiOiI3LjU4IiwicXNhIjoiNy40MiIsInFzcCI6IjYuNzcifQ%3D%3D&sr=8-36
AIMEBBY Face Planter Pot - Face Flower Pots for Indoor and Outdoor Plants - Resin Head Planter Pots with Drainage Hole (Large Size)  ,4.6 out of 5 stars,675  ,15.99,https://amazon.com/AIMEBBY-Face-Planter-Pot-Drainage/dp/B09Y63MC75/ref=sr_1_37?keywords=indoor+plants&qid=1665566700&qu=eyJxc2MiOiI3LjU4IiwicXNhIjoiNy40MiIsInFzcCI6IjYuNzcifQ%3D%3D&sr=8-37
"ADEBOLA Wood Plant Shelf with Full Spectrum Grow Light for Indoor Plants, 5-Tier 7 Potted Corner Wood Plant Shelf with 10 Dimmable Levels Grow Light for Optimal Plant Growth, Perfect for Garden Balcony Living Room  ",4.3 out of 5 stars,2  ,34.99,https://amazon.com/ADEBOLA-Spectrum-Dimmable-Optimal-Perfect/dp/B0B5RBTF4X/ref=sr_1_38?keywords=indoor+plants&qid=1665566700&qu=eyJxc2MiOiI3LjU4IiwicXNhIjoiNy40MiIsInFzcCI6IjYuNzcifQ%3D%3D&sr=8-38
"Plant Pots 8/7/6.5/6/5.5/5 Inch GARDIFE Self Watering Planters with Drainage Hole, Plastic Flower Pots, Planters for All House Plants, Succulents,Snake Plant, African Violet, Flowers, and Cactus  ",4.7 out of 5 stars,17  ,24.99,https://amazon.com/GARDIFE-Watering-Planters-Drainage-Succulents/dp/B0B6NSD6PD/ref=sr_1_41?keywords=indoor+plants&qid=1665566700&qu=eyJxc2MiOiI3LjU4IiwicXNhIjoiNy40MiIsInFzcCI6IjYuNzcifQ%3D%3D&sr=8-41
"Dicunoy 2 Pack Faux Plants Indoor, 16"" Small Artificial Plants for Home Decor, Fake Plants for Living Room, Home, Bedroom, Office, Bathroom, Kitchen, Porch, Coffee Tables, Side Tables Desk  ",4.3 out of 5 stars,82  ,19.99,https://amazon.com/Dicunoy-Artificial-Farmhouse-Bedroom-Bathroom/dp/B094Z8BSLR/ref=sr_1_42?keywords=indoor+plants&qid=1665566700&qu=eyJxc2MiOiI3LjU4IiwicXNhIjoiNy40MiIsInFzcCI6IjYuNzcifQ%3D%3D&sr=8-42
Whonline 8 Pack 6 Inch Flower Pots for Indoor Plants Colorful Plant Pots Outdoor Plastic Plant Planters with Drainage Hole for All House Plants Herbs Flowers and Seeding Nursery  ,4.7 out of 5 stars,15  ,13.99,https://amazon.com/Whonline-Colorful-Outdoor-Planters-Drainage/dp/B0B2C5WH1L/ref=sr_1_43?keywords=indoor+plants&qid=1665566700&qu=eyJxc2MiOiI3LjU4IiwicXNhIjoiNy40MiIsInFzcCI6IjYuNzcifQ%3D%3D&sr=8-43
"Plant Pots 10/9/8 inch Set of 3, Flower Pots Outdoor Indoor, Planters with Drainage Hole, Speckled White  ",4.7 out of 5 stars,13  ,28.99,https://amazon.com/Flower-Outdoor-Planters-Drainage-Speckled/dp/B0BB28VQ6R/ref=sr_1_44?keywords=indoor+plants&qid=1665566700&qu=eyJxc2MiOiI3LjU4IiwicXNhIjoiNy40MiIsInFzcCI6IjYuNzcifQ%3D%3D&sr=8-44
Plant Stand Indoor Outdoor - Metal 3 Tier Tall Flower Pot Holder - Corner Display Vertical Shelves Shelf - Iron Planter Rack Multiple Organizer for Garden Patio Lawn Balcony  ,3.8 out of 5 stars,5  ,17.99,https://amazon.com/Plant-Stand-Indoor-Outdoor-Organizer/dp/B0B3XM1QY6/ref=sr_1_45?keywords=indoor+plants&qid=1665566700&qu=eyJxc2MiOiI3LjU4IiwicXNhIjoiNy40MiIsInFzcCI6IjYuNzcifQ%3D%3D&sr=8-45
"YIUKEA Plant Stand Indoor Outdoor - Metal Planter Holder Shelf Tall Tiered Flower Pot Display Organizer Rack for Garden, Patio, Living Room, Bathroom, Office (Black)  ",4.8 out of 5 stars,6  ,21.54,https://amazon.com/YIUKEA-Plant-Stand-Indoor-Outdoor/dp/B0B2QQH6KW/ref=sr_1_46?keywords=indoor+plants&qid=1665566700&qu=eyJxc2MiOiI3LjU4IiwicXNhIjoiNy40MiIsInFzcCI6IjYuNzcifQ%3D%3D&sr=8-46
"Ceramic Indoor Pots for Plants, Rainbow Pearl Glaze Planter with Drainage Hole, 6.0 inch+5.0 Inch+4.0 Inch. Orchid Flower Pots  ",4.5 out of 5 stars,97  ,23.19,https://amazon.com/Ceramic-Indoor-Rainbow-Planter-Drainage/dp/B0B3DFPHM5/ref=sr_1_47?keywords=indoor+plants&qid=1665566700&qu=eyJxc2MiOiI3LjU4IiwicXNhIjoiNy40MiIsInFzcCI6IjYuNzcifQ%3D%3D&sr=8-47
"Plant Pots 7/6.5/6/5.5/5 Inch GARDIFE Self Watering Planters with Drainage Hole, Plastic Flower Pots, Nursery Planting Pot for Indoor Plants, Succulents,Snake Plant, African Violet, and Cactus,Black  ",4.6 out of 5 stars,359  ,18.99,https://amazon.com/GARDIFE-Watering-Planters-Drainage-Succulents/dp/B09X56KLL3/ref=sr_1_48?keywords=indoor+plants&qid=1665566700&qu=eyJxc2MiOiI3LjU4IiwicXNhIjoiNy40MiIsInFzcCI6IjYuNzcifQ%3D%3D&sr=8-48
"Caribbean Plastic Planter, Dusty Teal, 10""  ",4.6 out of 5 stars,"4,470  ",5.53,https://amazon.com/HC-Companies-CNA10000DE1C012LRDHC-planters-Dusty/dp/B08ZQS63K5/ref=sr_1_49?keywords=indoor+plants&qid=1665566700&qu=eyJxc2MiOiI3LjU4IiwicXNhIjoiNy40MiIsInFzcCI6IjYuNzcifQ%3D%3D&sr=8-49
"JPSOR Faux Plants Indoor, Artificial Plants for Home Decor Indoor, Pothos Small Fake Plants for Living Room Decor Artificial Potted Plants for Indoor Outdoor Shelf Home Office Decor（Black Ceramic Pot）  ",4.3 out of 5 stars,149  ,22.99,https://amazon.com/JPSOR-Artificial-Outdoor-Decor%EF%BC%88Black-Ceramic/dp/B09N6JRJRX/ref=sr_1_50?keywords=indoor+plants&qid=1665566700&qu=eyJxc2MiOiI3LjU4IiwicXNhIjoiNy40MiIsInFzcCI6IjYuNzcifQ%3D%3D&sr=8-50
"Plant Pots Set of 2 Pack 8 inch,Planters for Indoor Plants with Drainage Holes, GARDIFE Modern Decorative Flower Pots for All House Plants, Flowers, Green  ",4.6 out of 5 stars,241  ,18.99,https://amazon.com/Planters-Drainage-GARDIFE-Decorative-Flowers/dp/B09TRS4Y8T/ref=sr_1_51?keywords=indoor+plants&qid=1665566700&qu=eyJxc2MiOiI3LjU4IiwicXNhIjoiNy40MiIsInFzcCI6IjYuNzcifQ%3D%3D&sr=8-51
"Laiensia Bamboo Plant Stand Rack 6 Tier,Multiple Stand Holder Shelf Rack, Indoor&Outdoor Planter Display Shelves for Patio Garden, Living Room, Corner Balcony and Bedroom,Black  ",3.3 out of 5 stars,9  ,29.97,https://amazon.com/Laiensia-Multiple-Outdoor-Planter-Display/dp/B09PH2FD3M/ref=sr_1_52?keywords=indoor+plants&qid=1665566700&qu=eyJxc2MiOiI3LjU4IiwicXNhIjoiNy40MiIsInFzcCI6IjYuNzcifQ%3D%3D&sr=8-52
"9 and 8 Inch Plant Pots, 2 Pack Large Plastic Planters with Saucer, Premium Flower pots with Multiple Drainage Holes for for Indoor Windowsill Garden Flower Plants (White)  ",4.7 out of 5 stars,400  ,14.95,https://amazon.com/Plastic-Planters-Multiple-Drainage-Windowsill/dp/B09TGX1YBJ/ref=sr_1_53?keywords=indoor+plants&qid=1665566700&qu=eyJxc2MiOiI3LjU4IiwicXNhIjoiNy40MiIsInFzcCI6IjYuNzcifQ%3D%3D&sr=8-53
"Plant Stand Rack with Wheels, Iron Plant Stand 5 Tie 6 Pots Indoor Outdoor Plant Shelf Flower Stands, Garden Shelves Plant Display Holder Rack for Living Room Corner Balcony Lawn Patio (Green)  ",4.3 out of 5 stars,66  ,50.99,https://amazon.com/sspa/click?ie=UTF8&spc=MTo3MzQwNTAwODE5NTE1NjQ6MTY2NTU2NjcwMDpzcF9idGY6MjAwMDk0Mzk0NTIzMzUxOjowOjo&sp_csd=d2lkZ2V0TmFtZT1zcF9idGY&url=%2FWheels-Outdoor-Shelves-Display-Balcony%2Fdp%2FB09C792SKQ%2Fref%3Dsr_1_55_sspa%3Fkeywords%3Dindoor%2Bplants%26qid%3D1665566700%26qu%3DeyJxc2MiOiI3LjU4IiwicXNhIjoiNy40MiIsInFzcCI6IjYuNzcifQ%253D%253D%26sr%3D8-55-spons%26psc%3D1
"Succulent Pots, Warmplus 3 inch Mandala Planter Pot with Drainage and Bamboo Tray, Small Pots for All House Plants, Succulents, Flowers, Cactus, Pack of 6 - Plants Not Included  ",4.7 out of 5 stars,583  ,26.99,https://amazon.com/sspa/click?ie=UTF8&spc=MTo3MzQwNTAwODE5NTE1NjQ6MTY2NTU2NjcwMDpzcF9idGY6MjAwMDg5ODk3MTczMTk4OjowOjo&sp_csd=d2lkZ2V0TmFtZT1zcF9idGY&url=%2FSucculent-Warmplus-Mandala-Drainage-Succulents%2Fdp%2FB095YDFZKD%2Fref%3Dsr_1_56_sspa%3Fkeywords%3Dindoor%2Bplants%26qid%3D1665566700%26qu%3DeyJxc2MiOiI3LjU4IiwicXNhIjoiNy40MiIsInFzcCI6IjYuNzcifQ%253D%253D%26sr%3D8-56-spons%26psc%3D1
"2 Pack Moss Pole, Moss Pole for Plants Monstera, Moss Poles for Climbing Plants, Bendable Plant Sticks Support, Plant Stakes for Indoor/Outdoor Plants(27'')  ",3.8 out of 5 stars,9  ,8.49,https://amazon.com/sspa/click?ie=UTF8&spc=MTo3MzQwNTAwODE5NTE1NjQ6MTY2NTU2NjcwMDpzcF9idGY6MjAwMDg0ODQ2NjYzNTk4OjowOjo&sp_csd=d2lkZ2V0TmFtZT1zcF9idGY&url=%2FMonstera-Climbing-Bendable-Support-Outdoor%2Fdp%2FB0B8J1FD83%2Fref%3Dsr_1_57_sspa%3Fkeywords%3Dindoor%2Bplants%26qid%3D1665566700%26qu%3DeyJxc2MiOiI3LjU4IiwicXNhIjoiNy40MiIsInFzcCI6IjYuNzcifQ%253D%253D%26sr%3D8-57-spons%26psc%3D1
"Plant stand, Kcysta Plant Stand Indoor Outdoor, Adjustable Plant Shelf, Black  ",4.8 out of 5 stars,8  ,11.19,https://amazon.com/sspa/click?ie=UTF8&spc=MTo3MzQwNTAwODE5NTE1NjQ6MTY2NTU2NjcwMDpzcF9idGY6MjAwMDg0MzY2NjY0Nzk4OjowOjo&sp_csd=d2lkZ2V0TmFtZT1zcF9idGY&url=%2FPlant-Kcysta-Indoor-Outdoor-Adjustable%2Fdp%2FB0B4C83NWW%2Fref%3Dsr_1_58_sspa%3Fkeywords%3Dindoor%2Bplants%26qid%3D1665566700%26qu%3DeyJxc2MiOiI3LjU4IiwicXNhIjoiNy40MiIsInFzcCI6IjYuNzcifQ%253D%253D%26sr%3D8-58-spons%26psc%3D1
"2 Pack Suction Cup Shelf for Plants Window, 12 Inch Acrylic Window Sill Extender for Plants, Window Plant Shelves, for Succulent Planters, Herb Pots, Indoor Plants  ",4.5 out of 5 stars,124  ,20.55,https://amazon.com/sspa/click?ie=UTF8&spc=MTo3MzQwNTAwODE5NTE1NjQ6MTY2NTU2NjcwMDpzcF9idGY6MjAwMDM3MzQyOTU1OTk4OjowOjo&sp_csd=d2lkZ2V0TmFtZT1zcF9idGY&url=%2FSuction-Acrylic-Extender-Succulent-Planters%2Fdp%2FB09N3Z1RF9%2Fref%3Dsr_1_59_sspa%3Fkeywords%3Dindoor%2Bplants%26qid%3D1665566700%26qu%3DeyJxc2MiOiI3LjU4IiwicXNhIjoiNy40MiIsInFzcCI6IjYuNzcifQ%253D%253D%26sr%3D8-59-spons%26psc%3D1
Honeycomber 1000 - Adjustable Scrog System for Plants - Horizontal Trellis & Plant Trainer - for Indoor or Outdoor Growing - Beginner Friendly Scrogging Kit with Reusable Screen Panels and Wheels  ,4.6 out of 5 stars,5  ,39.99,https://amazon.com/sspa/click?ie=UTF8&spc=MTo3MzQwNTAwODE5NTE1NjQ6MTY2NTU2NjcwMDpzcF9idGY6MjAwMDYyMzg5NTMxOTk4OjowOjo&sp_csd=d2lkZ2V0TmFtZT1zcF9idGY&url=%2FHoneycomber-1000-Adjustable-Horizontal-Scrogging%2Fdp%2FB0B1729CPF%2Fref%3Dsr_1_60_sspa%3Fkeywords%3Dindoor%2Bplants%26qid%3D1665566700%26qu%3DeyJxc2MiOiI3LjU4IiwicXNhIjoiNy40MiIsInFzcCI6IjYuNzcifQ%253D%253D%26sr%3D8-60-spons%26psc%3D1
"LINZINAR Plant Stand 4 Tier 5 Potted Indoor Plant Shelf Multiple Stands for Garden Corner Balcony Living Room (4 Tier 5 Potted, Black)  ",4.1 out of 5 stars,935  ,31.99,https://amazon.com/sspa/click?ie=UTF8&spc=MTo2NzU3Njc4Mzc5NzEwMDE3OjE2NjU1NjY3MDQ6c3BfYXRmX25leHQ6MjAwMDU4OTQyMjU4MTk4OjowOjo&sp_csd=d2lkZ2V0TmFtZT1zcF9hdGZfbmV4dA&url=%2FLINZINAR-Potted-Indoor-Multiple-Balcony%2Fdp%2FB09H5BB7KV%2Fref%3Dsr_1_49_sspa%3Fkeywords%3Dindoor%2Bplants%26qid%3D1665566704%26qu%3DeyJxc2MiOiI3LjU4IiwicXNhIjoiNy40MiIsInFzcCI6IjYuNzcifQ%253D%253D%26sr%3D8-49-spons%26psc%3D1
"Shprout 6 inch (Small), 9 inch (Medium) and 12 inch (Large) - Set of 3 Licorice Black Planters, Hand Glazed Ceramic Pots for Plants with Matte Finish - Modern & Large Planters for Indoor Plants  ",4.3 out of 5 stars,41  ,94.95,https://amazon.com/sspa/click?ie=UTF8&spc=MTo2NzU3Njc4Mzc5NzEwMDE3OjE2NjU1NjY3MDQ6c3BfYXRmX25leHQ6MjAwMDQzODcwMTA0MTk4OjowOjo&sp_csd=d2lkZ2V0TmFtZT1zcF9hdGZfbmV4dA&url=%2FShprout-inch-Small-Medium-Large%2Fdp%2FB09G9D4S4X%2Fref%3Dsr_1_50_sspa%3Fkeywords%3Dindoor%2Bplants%26qid%3D1665566704%26qu%3DeyJxc2MiOiI3LjU4IiwicXNhIjoiNy40MiIsInFzcCI6IjYuNzcifQ%253D%253D%26sr%3D8-50-spons%26psc%3D1
Plant Stand Indoor Outdoor，Tall Black Metal Rustproof Stable Plant Stands，2 Tier 27.1 inch Multiple Plant Rack for Planter Corner Garden Living Room & Garden  ,5.0 out of 5 stars,1  ,19.1,https://amazon.com/sspa/click?ie=UTF8&spc=MTo2NzU3Njc4Mzc5NzEwMDE3OjE2NjU1NjY3MDQ6c3BfYXRmX25leHQ6MjAwMDkxODQ2MzIzNzk4OjowOjo&sp_csd=d2lkZ2V0TmFtZT1zcF9hdGZfbmV4dA&url=%2FOutdoor%25EF%25BC%258CTall-Rustproof-Stands%25EF%25BC%258C2-Multiple-Planter%2Fdp%2FB0BB64C5QH%2Fref%3Dsr_1_51_sspa%3Fkeywords%3Dindoor%2Bplants%26qid%3D1665566704%26qu%3DeyJxc2MiOiI3LjU4IiwicXNhIjoiNy40MiIsInFzcCI6IjYuNzcifQ%253D%253D%26sr%3D8-51-spons%26psc%3D1
"Plant Stand Rack with Wheels, Iron Plant Stand 5 Tie 6 Pots Indoor Outdoor Plant Shelf Flower Stands, Garden Shelves Plant Display Holder Rack for Living Room Corner Balcony Lawn Patio (Green)  ",4.3 out of 5 stars,66  ,50.99,https://amazon.com/sspa/click?ie=UTF8&spc=MTo2NzU3Njc4Mzc5NzEwMDE3OjE2NjU1NjY3MDQ6c3BfYXRmX25leHQ6MjAwMDk0Mzk0NTIzMzUxOjowOjo&sp_csd=d2lkZ2V0TmFtZT1zcF9hdGZfbmV4dA&url=%2FWheels-Outdoor-Shelves-Display-Balcony%2Fdp%2FB09C792SKQ%2Fref%3Dsr_1_52_sspa%3Fkeywords%3Dindoor%2Bplants%26qid%3D1665566704%26qu%3DeyJxc2MiOiI3LjU4IiwicXNhIjoiNy40MiIsInFzcCI6IjYuNzcifQ%253D%253D%26sr%3D8-52-spons%26psc%3D1
"WellSign Plant Trellis for Climbing Plants Indoor Pot, 16.3 inch Small Wooden Trellis for Potted Plants with Moisture-Proof Layer for Vines Ivy Hoya Houseplants, Moon and Geometric Shape Design 2 Pack  ",4.1 out of 5 stars,252  ,10.49,https://amazon.com/WellSign-Trellis-Moisture-Proof-Houseplants-Moon/dp/B09W5K8QPY/ref=sr_1_53?keywords=indoor+plants&qid=1665566704&qu=eyJxc2MiOiI3LjU4IiwicXNhIjoiNy40MiIsInFzcCI6IjYuNzcifQ%3D%3D&sr=8-53
"WellSign Wooden Trellis for Potted Plants, 16inch Small Garden Plant Trellis for Climbing Plants Indoor with Moisture-Proof Layer for Ivy Vine Plant, Honeycomb Trellis Flower Pot Plant Support 2Pack  ",5.0 out of 5 stars,3  ,11.99,https://amazon.com/WellSign-Wooden-Trellis-Small-Moisture-Proof/dp/B0BC761VKD/ref=sr_1_54?keywords=indoor+plants&qid=1665566704&qu=eyJxc2MiOiI3LjU4IiwicXNhIjoiNy40MiIsInFzcCI6IjYuNzcifQ%3D%3D&sr=8-54
Bamworld Plant Stand Indoor Outdoor Corner Plant Shelf 5-Tier 11 Potted Flower Shelves Wooden Plant Stands Garden Wood Plant Holder Rack for Living Room Corner Lawn Window  ,4.5 out of 5 stars,"1,464  ",30.39,https://amazon.com/Bamworld-Indoor-Outdoor-Shelves-Balcony/dp/B097MHQGC3/ref=sr_1_55?keywords=indoor+plants&qid=1665566704&qu=eyJxc2MiOiI3LjU4IiwicXNhIjoiNy40MiIsInFzcCI6IjYuNzcifQ%3D%3D&sr=8-55
"Grow Light, LORDEM Full Spectrum LED Plant Light for Indoor Plants, Height Adjustable Growing Lamp with Auto On/Off Timer 4/8/12H , 4 Dimmable Brightness, Ideal for Small Plants  ",4.4 out of 5 stars,"2,676  ",12.74,https://amazon.com/Spectrum-Adjustable-Growing-Dimmable-Brightness/dp/B09CTH5ZW9/ref=sr_1_56?keywords=indoor+plants&qid=1665566704&qu=eyJxc2MiOiI3LjU4IiwicXNhIjoiNy40MiIsInFzcCI6IjYuNzcifQ%3D%3D&sr=8-56
Tagobar Planter Plant Pots Indoor - 4.7 Inch Modern Ceramic Flower Pot with Drainage Hole for Home Office Decoration (White Black)(Plant Not Included)  ,4.8 out of 5 stars,75  ,13.99,https://amazon.com/Tagobar-Planter-Plant-Pots-Indoor/dp/B09VBMGNWL/ref=sr_1_61?keywords=indoor+plants&qid=1665566704&qu=eyJxc2MiOiI3LjU4IiwicXNhIjoiNy40MiIsInFzcCI6IjYuNzcifQ%3D%3D&sr=8-61
"homenote Plastic Planter 7/6/5.5/4.8/4.5 Inch Flower Pot Indoor Modern Decorative Plastic Pots for Plants with Drainage Hole and Tray for All House Plants, Succulents, Flowers, and Cactus, Black  ",4.7 out of 5 stars,"17,339  ",13.59,https://amazon.com/Plastic-HOMENOTE-Decorative-Drainage-Succulents/dp/B089ZTZ94V/ref=sr_1_62?keywords=indoor+plants&qid=1665566704&qu=eyJxc2MiOiI3LjU4IiwicXNhIjoiNy40MiIsInFzcCI6IjYuNzcifQ%3D%3D&sr=8-62
"2 Pack Eco Joy Boho Metal Hanging Planters with 6"" Pot (Detachable) + Hook + Chain | Hanging Planters Indoor, Modern Wall & Ceiling Planters, Mid Century Planter for Indoor & Outdoor, NO Plant incld  ",4.8 out of 5 stars,943  ,30.99,https://amazon.com/Eco-Joy-Hanging-Planters-Removable/dp/B089FC14SP/ref=sr_1_63?keywords=indoor+plants&qid=1665566704&qu=eyJxc2MiOiI3LjU4IiwicXNhIjoiNy40MiIsInFzcCI6IjYuNzcifQ%3D%3D&sr=8-63
"BAMFOX 7 Potted Bamboo Plant Stand Holder Shelf for Indoor and Outdoor,Tall Plant Shelf & Multi-layer Plant ladder Displayed for Balcony, Garden, Corner Plant Holder and Potted Plant Shelf  ",4.4 out of 5 stars,415  ,22.99,https://amazon.com/BAMFOX-Outdoor-Multi-layer-Displayed-Balcony/dp/B09C8345BN/ref=sr_1_64?keywords=indoor+plants&qid=1665566704&qu=eyJxc2MiOiI3LjU4IiwicXNhIjoiNy40MiIsInFzcCI6IjYuNzcifQ%3D%3D&sr=8-64
"Plant stand, Kcysta Plant Stand Indoor Outdoor, Adjustable Plant Shelf, Black  ",4.8 out of 5 stars,8  ,11.19,https://amazon.com/sspa/click?ie=UTF8&spc=MTo2NzU3Njc4Mzc5NzEwMDE3OjE2NjU1NjY3MDQ6c3BfbXRmOjIwMDA4NDM2NjY2NDc5ODo6MDo6&sp_csd=d2lkZ2V0TmFtZT1zcF9tdGY&url=%2FPlant-Kcysta-Indoor-Outdoor-Adjustable%2Fdp%2FB0B4C83NWW%2Fref%3Dsr_1_65_sspa%3Fkeywords%3Dindoor%2Bplants%26qid%3D1665566704%26qu%3DeyJxc2MiOiI3LjU4IiwicXNhIjoiNy40MiIsInFzcCI6IjYuNzcifQ%253D%253D%26sr%3D8-65-spons%26psc%3D1
Honeycomber 1000 - Adjustable Scrog System for Plants - Horizontal Trellis & Plant Trainer - for Indoor or Outdoor Growing - Beginner Friendly Scrogging Kit with Reusable Screen Panels and Wheels  ,4.6 out of 5 stars,5  ,39.99,https://amazon.com/sspa/click?ie=UTF8&spc=MTo2NzU3Njc4Mzc5NzEwMDE3OjE2NjU1NjY3MDQ6c3BfbXRmOjIwMDA2MjM4OTUzMTk5ODo6MDo6&sp_csd=d2lkZ2V0TmFtZT1zcF9tdGY&url=%2FHoneycomber-1000-Adjustable-Horizontal-Scrogging%2Fdp%2FB0B1729CPF%2Fref%3Dsr_1_66_sspa%3Fkeywords%3Dindoor%2Bplants%26qid%3D1665566704%26qu%3DeyJxc2MiOiI3LjU4IiwicXNhIjoiNy40MiIsInFzcCI6IjYuNzcifQ%253D%253D%26sr%3D8-66-spons%26psc%3D1
"10 Inch Planter Pot with Stand, Mid-Century Tall Plant Pot with Legs for Indoor Plants, Medium, Black, 88-ST-2-M  ",4.7 out of 5 stars,596  ,79.99,https://amazon.com/sspa/click?ie=UTF8&spc=MTo2NzU3Njc4Mzc5NzEwMDE3OjE2NjU1NjY3MDQ6c3BfbXRmOjIwMDA5MTYwMjUyMzY5ODo6MDo6&sp_csd=d2lkZ2V0TmFtZT1zcF9tdGY&url=%2FInches-Planter-Mid-Century-Finishing-Drainage%2Fdp%2FB07SG2JFYR%2Fref%3Dsr_1_68_sspa%3Fkeywords%3Dindoor%2Bplants%26qid%3D1665566704%26qu%3DeyJxc2MiOiI3LjU4IiwicXNhIjoiNy40MiIsInFzcCI6IjYuNzcifQ%253D%253D%26sr%3D8-68-spons%26psc%3D1
"Kasa Smart Light Switch HS200, Single Pole, Needs Neutral Wire, 2.4GHz Wi-Fi Light Switch Works with Alexa and Google Home, UL Certified, No Hub Required , White  ",4.6 out of 5 stars,"32,824  ",14.99,https://amazon.com/Kasa-Smart-Light-Switch-TP-Link/dp/B01EZV35QU/ref=sr_1_70?keywords=indoor+plants&qid=1665566704&qu=eyJxc2MiOiI3LjU4IiwicXNhIjoiNy40MiIsInFzcCI6IjYuNzcifQ%3D%3D&sr=8-70
"Grow Light, Full Spectrum LED Plant Light for Indoor Plants, Grow lamp with Stable Base, Height Adjustable and 3 Switch Modes, 3/9/12H Timer 10-Level Dimmable Brightness for Small Plant  ",5.0 out of 5 stars,2  ,16.98,https://amazon.com/Spectrum-Adjustable-10-Level-Dimmable-Brightness/dp/B0B8856547/ref=sr_1_72?keywords=indoor+plants&qid=1665566704&qu=eyJxc2MiOiI3LjU4IiwicXNhIjoiNy40MiIsInFzcCI6IjYuNzcifQ%3D%3D&sr=8-72
Plant Stand Indoor Outdoor - Uneedem Tall Plant Shelf for Multiple Plants 8 Tiers Large Plant Rack Wood Plant Holder Corner Plant Stands Flower Stand for Room Corner Balcony Garden Patio  ,4.5 out of 5 stars,149  ,25.99,https://amazon.com/Plant-Stand-Indoor-Outdoor-Multiple/dp/B0B1HBHKP4/ref=sr_1_74?keywords=indoor+plants&qid=1665566704&qu=eyJxc2MiOiI3LjU4IiwicXNhIjoiNy40MiIsInFzcCI6IjYuNzcifQ%3D%3D&sr=8-74
"Warmplus Plastic Planters for Indoor Plants, 8/7/6.5/6/5.5/5 Inch Plant Pots with Drainage Holes, Watering Wick, Watering Lip for Most Indoor Outdoor Plants and Flowers, Green  ",4.7 out of 5 stars,125  ,22.99,https://amazon.com/Warmplus-Plastic-Planters-Drainage-Watering/dp/B09VBV65HK/ref=sr_1_76?keywords=indoor+plants&qid=1665566704&qu=eyJxc2MiOiI3LjU4IiwicXNhIjoiNy40MiIsInFzcCI6IjYuNzcifQ%3D%3D&sr=8-76
"MIPON 3 Pack Macrame Plant Hanger Indoor Hanging Planter for Plants Holder with 3 Hooks, Different Size for Boho Home Decor,Ivory  ",4.5 out of 5 stars,38  ,7.49,https://amazon.com/MIPON-Macrame-Hanging-Planter-Different/dp/B0B3F5H2ZK/ref=sr_1_77?keywords=indoor+plants&qid=1665566704&qu=eyJxc2MiOiI3LjU4IiwicXNhIjoiNy40MiIsInFzcCI6IjYuNzcifQ%3D%3D&sr=8-77
"LED Plant Grow Light with Stand,WTINTELL LED Grow Light Full Spectrum for Indoor Plants,10 Dimmable Levels,3 Modes Timing,Tripod Adjustable 15-72 inch.  ",4.4 out of 5 stars,538  ,36.79,https://amazon.com/WTINTELL-Spectrum-Indoor-Dimmable-Adjustable/dp/B08TCK55NM/ref=sr_1_78?keywords=indoor+plants&qid=1665566704&qu=eyJxc2MiOiI3LjU4IiwicXNhIjoiNy40MiIsInFzcCI6IjYuNzcifQ%3D%3D&sr=8-78
"4 Pack Grow Light Bulbs, Briignite LED Grow Light Bulb A19 Bulb, Full Spectrum Grow Light Bulb, Plant Light Bulbs E26 Base, 11W Grow Bulb 100W Equivalent, Grow Light for Indoor Plants, Seed Starting  ",4.5 out of 5 stars,"3,219  ",16.99,https://amazon.com/Briignite-Spectrum-Equivalent-Indoor-Starting/dp/B09F39SCYV/ref=sr_1_80?keywords=indoor+plants&qid=1665566704&qu=eyJxc2MiOiI3LjU4IiwicXNhIjoiNy40MiIsInFzcCI6IjYuNzcifQ%3D%3D&sr=8-80
"Succulent Pots, Warmplus 3 inch Mandala Planter Pot with Drainage and Bamboo Tray, Small Pots for All House Plants, Succulents, Flowers, Cactus, Pack of 6 - Plants Not Included  ",4.7 out of 5 stars,583  ,26.99,https://amazon.com/sspa/click?ie=UTF8&spc=MTo2NzU3Njc4Mzc5NzEwMDE3OjE2NjU1NjY3MDQ6c3BfbXRmOjIwMDA4OTg5NzE3MzE5ODo6MDo6&sp_csd=d2lkZ2V0TmFtZT1zcF9tdGY&url=%2FSucculent-Warmplus-Mandala-Drainage-Succulents%2Fdp%2FB095YDFZKD%2Fref%3Dsr_1_81_sspa%3Fkeywords%3Dindoor%2Bplants%26qid%3D1665566704%26qu%3DeyJxc2MiOiI3LjU4IiwicXNhIjoiNy40MiIsInFzcCI6IjYuNzcifQ%253D%253D%26sr%3D8-81-spons%26psc%3D1
"Succulent Pots 3 Pack, 3.15 Inch Small Plastic Succulent Pots with Drainage, White Succulent Planters Flower Pots for Plants , Plants Not Included  ",4.6 out of 5 stars,24  ,7.99,https://amazon.com/sspa/click?ie=UTF8&spc=MTo2NzU3Njc4Mzc5NzEwMDE3OjE2NjU1NjY3MDQ6c3BfbXRmOjIwMDA4NDUzODc0MTU5ODo6MDo6&sp_csd=d2lkZ2V0TmFtZT1zcF9tdGY&url=%2FSucculent-Plastic-Drainage-Planters-Included%2Fdp%2FB0B7RTWFVL%2Fref%3Dsr_1_82_sspa%3Fkeywords%3Dindoor%2Bplants%26qid%3D1665566704%26qu%3DeyJxc2MiOiI3LjU4IiwicXNhIjoiNy40MiIsInFzcCI6IjYuNzcifQ%253D%253D%26sr%3D8-82-spons%26psc%3D1
"2 Pack Suction Cup Shelf for Plants Window, 12 Inch Acrylic Window Sill Extender for Plants, Window Plant Shelves, for Succulent Planters, Herb Pots, Indoor Plants  ",4.5 out of 5 stars,124  ,20.55,https://amazon.com/sspa/click?ie=UTF8&spc=MTo2NzU3Njc4Mzc5NzEwMDE3OjE2NjU1NjY3MDQ6c3BfbXRmOjIwMDAzNzM0Mjk1NTk5ODo6MDo6&sp_csd=d2lkZ2V0TmFtZT1zcF9tdGY&url=%2FSuction-Acrylic-Extender-Succulent-Planters%2Fdp%2FB09N3Z1RF9%2Fref%3Dsr_1_84_sspa%3Fkeywords%3Dindoor%2Bplants%26qid%3D1665566704%26qu%3DeyJxc2MiOiI3LjU4IiwicXNhIjoiNy40MiIsInFzcCI6IjYuNzcifQ%253D%253D%26sr%3D8-84-spons%26psc%3D1
"Metal Plant Stand Shelf for Indoor Outdoor Plants Multiple, 4 Tier Tall Corner Vertical Stands, Tiered Flower Pot Holder Rack Planter for Patio, Living Room, Balcony, Black  ",5.0 out of 5 stars,5  ,25.99,https://amazon.com/Outdoor-Multiple-Vertical-Planter-Balcony/dp/B0B4H5224P/ref=sr_1_85?keywords=indoor+plants&qid=1665566704&qu=eyJxc2MiOiI3LjU4IiwicXNhIjoiNy40MiIsInFzcCI6IjYuNzcifQ%3D%3D&sr=8-85
"GHodec LED Grow Light,Full Spectrum Halo Plant Light for Indoor Plants,Height Adjustable Sunlight White Growing Lamp,4/8/12/18H Timer & 5 Dimmable Levels,Ideal for Small Plants  ",4.5 out of 5 stars,21  ,9.59,https://amazon.com/GHodec-Spectrum-Adjustable-Sunlight-Dimmable/dp/B0B2RW9LFW/ref=sr_1_86?keywords=indoor+plants&qid=1665566704&qu=eyJxc2MiOiI3LjU4IiwicXNhIjoiNy40MiIsInFzcCI6IjYuNzcifQ%3D%3D&sr=8-86
"LED Grow Light 1-Pack GooingTop,Halo Plant Lamp for Indoor Plants Growing, White Circle Low Light for Bonsai Succulents Mini Small Plants,Auto Timer 4/8/12/18 Hrs (with USB Charger)  ",4.3 out of 5 stars,368  ,11.79,https://amazon.com/1-Pack-GooingTop-Growing-Succulents-Charger/dp/B0B2QT12RF/ref=sr_1_88?keywords=indoor+plants&qid=1665566704&qu=eyJxc2MiOiI3LjU4IiwicXNhIjoiNy40MiIsInFzcCI6IjYuNzcifQ%3D%3D&sr=8-88
"Self Watering Pots for Indoor Plants, ETGLCOZY 5 Pack 6/4.1/3.2 Inch Flower Pot Modern Decorative Plastic Planter with Extra Large Water Storage for All House Plants, Flowers, Herbs(White)  ",4.5 out of 5 stars,"1,592  ",19.99,https://amazon.com/Watering-ETGLCOZY-Decorative-Plastic-Planter/dp/B08SJXV1BR/ref=sr_1_89?keywords=indoor+plants&qid=1665566704&qu=eyJxc2MiOiI3LjU4IiwicXNhIjoiNy40MiIsInFzcCI6IjYuNzcifQ%3D%3D&sr=8-89
"INGIORDAR Plant Stand Indoor Corner Plant Shelf Metal 4 Tier 5 Potted Flower Pot Holder Shelves Storage Organizer Plant Stands Rack Patio Garden Balcony Living Room, Black  ",4.1 out of 5 stars,499  ,23.99,https://amazon.com/INGIORDAR-Shelves-Storage-Organizer-Shelving/dp/B09JFFCJ6W/ref=sr_1_92?keywords=indoor+plants&qid=1665566704&qu=eyJxc2MiOiI3LjU4IiwicXNhIjoiNy40MiIsInFzcCI6IjYuNzcifQ%3D%3D&sr=8-92
Macrame Plant Hanger - 2 Set Indoor Hanging Planter Shelf - Hanging Planter Rack Decorative Flower Pot Holder - Handmade Cotton Plant Hangers with Wood Tray Boho Home Decor  ,4.7 out of 5 stars,395  ,28.99,https://amazon.com/Macrame-Plant-Hanger-Decorative-Handmade/dp/B093LLXLS9/ref=sr_1_93?keywords=indoor+plants&qid=1665566704&qu=eyJxc2MiOiI3LjU4IiwicXNhIjoiNy40MiIsInFzcCI6IjYuNzcifQ%3D%3D&sr=8-93
"Metal Plant Stand Indoor Outdoor - 2 Tier Plant Shelf Heavy Duty - Corner Flower Pot Holder Stands Rack for Plants Multiple - Potted Plant Stands - Tiered Planter Shelves for Patio, Living Room, Balcony (Black)  ",4.6 out of 5 stars,4  ,14.99,https://amazon.com/Metal-Plant-Stand-Indoor-Outdoor/dp/B0B5T45GS1/ref=sr_1_94?keywords=indoor+plants&qid=1665566704&qu=eyJxc2MiOiI3LjU4IiwicXNhIjoiNy40MiIsInFzcCI6IjYuNzcifQ%3D%3D&sr=8-94
AIMEBBY Face Planter Pot - Face Flower Pots for Indoor and Outdoor Plants - Resin Head Planter Pots with Drainage Hole (Large Size)  ,4.6 out of 5 stars,675  ,15.99,https://amazon.com/AIMEBBY-Face-Planter-Pot-Drainage/dp/B09Y63MC75/ref=sr_1_95?keywords=indoor+plants&qid=1665566704&qu=eyJxc2MiOiI3LjU4IiwicXNhIjoiNy40MiIsInFzcCI6IjYuNzcifQ%3D%3D&sr=8-95
"Tall Plant Stand Indoor Outdoor Wood Plant Shelf Stands for Indoor Plants Multiple, 3Tiers 11 Potted Ladder Plant Shelf Stand Holder Rack Flower Pot Stand for Living Room Balcony Patio  ",4.4 out of 5 stars,33  ,29.98,https://amazon.com/Indoor-Outdoor-Stands-Multiple-Balcony/dp/B09ZTZ7HRS/ref=sr_1_96?keywords=indoor+plants&qid=1665566704&qu=eyJxc2MiOiI3LjU4IiwicXNhIjoiNy40MiIsInFzcCI6IjYuNzcifQ%3D%3D&sr=8-96
"Tall Plant Stands Indoor, Metal Potted Plant Holder Patio Flower Pot Stand 2 Tier Anti-Rust Heavy Duty Multiple Holder Shelf Rack 20.3"" (Black)  ",4.1 out of 5 stars,9  ,16.79,https://amazon.com/Stands-Indoor-Potted-Anti-Rust-Multiple/dp/B0B5SZ8Q97/ref=sr_1_97?keywords=indoor+plants&qid=1665566704&qu=eyJxc2MiOiI3LjU4IiwicXNhIjoiNy40MiIsInFzcCI6IjYuNzcifQ%3D%3D&sr=8-97
"ADEBOLA Wood Plant Shelf with Full Spectrum Grow Light for Indoor Plants, 5-Tier 7 Potted Corner Wood Plant Shelf with 10 Dimmable Levels Grow Light for Optimal Plant Growth, Perfect for Garden Balcony Living Room  ",4.3 out of 5 stars,2  ,34.99,https://amazon.com/ADEBOLA-Spectrum-Dimmable-Optimal-Perfect/dp/B0B5RBTF4X/ref=sr_1_99?keywords=indoor+plants&qid=1665566704&qu=eyJxc2MiOiI3LjU4IiwicXNhIjoiNy40MiIsInFzcCI6IjYuNzcifQ%3D%3D&sr=8-99
"Otdair Grow Light with Stand, Full Spectrum Plant Light for Indoor Plants, Grow Lamp with 35-60 Inches Adjustable Longer Tripod Feet Stand, LED Standing Floor Grow Lamp for Tall Plants  ",4.5 out of 5 stars,"1,651  ",29.99,https://amazon.com/Otdair-Spectrum-Indoor-Adjustable-Standing/dp/B0BBRL8WHT/ref=sr_1_100?keywords=indoor+plants&qid=1665566704&qu=eyJxc2MiOiI3LjU4IiwicXNhIjoiNy40MiIsInFzcCI6IjYuNzcifQ%3D%3D&sr=8-100
"Hacaroa Wood Plant Stand for Indoor Plants, 4 Tier 9 Potted Tall Plant Shelf, Ladder Plant Holder Flower Pot Organizer, Outdoor Plant Display Rack for Garden, Balcony, Living Room  ",3.9 out of 5 stars,3  ,19.78,https://amazon.com/Hacaroa-Organizer-Outdoor-Display-Balcony/dp/B09Y9528MC/ref=sr_1_101?keywords=indoor+plants&qid=1665566704&qu=eyJxc2MiOiI3LjU4IiwicXNhIjoiNy40MiIsInFzcCI6IjYuNzcifQ%3D%3D&sr=8-101
"TDZWIN Plant Stand, 5 Tier Plant Stand Indoor Plant Stand Corner Plant Stands For Indoor Plants Multiple, Indoor Wood Tiered Plant Stands Tall Plant Stand For Living Room Balcony Garden Patio(Walnut)  ",4.2 out of 5 stars,85  ,27.99,https://amazon.com/TDZWIN-Indoor-Corner-Multiple-Balcony/dp/B09YH971GX/ref=sr_1_102?keywords=indoor+plants&qid=1665566704&qu=eyJxc2MiOiI3LjU4IiwicXNhIjoiNy40MiIsInFzcCI6IjYuNzcifQ%3D%3D&sr=8-102
"Plant Grow Light,yadoker LED Growing Light Full Spectrum for Indoor Plants,Height Adjustable, Automatic Timer, 5V Low Safe Voltage,Idea for Large Plant Light  ",4.5 out of 5 stars,294  ,23.99,https://amazon.com/yadoker-Growing-Spectrum-Adjustable-Automatic/dp/B09W9KQSNJ/ref=sr_1_104?keywords=indoor+plants&qid=1665566704&qu=eyJxc2MiOiI3LjU4IiwicXNhIjoiNy40MiIsInFzcCI6IjYuNzcifQ%3D%3D&sr=8-104
"LED Grow Lights for Indoor Plants Full Spectrum Plant Light with Perfect Ratio in Red & Blue Spectrum, 120 LEDs Grow Lights for Seed Starting Plants Growing - Auto On Off Timer, 3 Switch Modes  ",4.4 out of 5 stars,17  ,29.99,https://amazon.com/Spectrum-Plant-Light-Perfect-Starting/dp/B09ZPDGKLK/ref=sr_1_105?keywords=indoor+plants&qid=1665566704&qu=eyJxc2MiOiI3LjU4IiwicXNhIjoiNy40MiIsInFzcCI6IjYuNzcifQ%3D%3D&sr=8-105
"Grow Light, CreaCity Full Spectrum 72 LED Plant Light for Large Indoor Plants, Height Adjustable Growing Lamp with Auto On/Off Timer 3/9/12H  ",4.3 out of 5 stars,10  ,23.99,https://amazon.com/CreaCity-Spectrum-Indoor-Adjustable-Growing/dp/B0B3MXRT2Z/ref=sr_1_106?keywords=indoor+plants&qid=1665566704&qu=eyJxc2MiOiI3LjU4IiwicXNhIjoiNy40MiIsInFzcCI6IjYuNzcifQ%3D%3D&sr=8-106
"LONCHDAN Trellis for Climbing Plants Indoor 15.7 Inch, Stackable Metal Garden Trellis for Potted Plants Support, 3 Pack Small Circle Houseplant Trellis for Vines Vegetables Flower, Black Iron (Black)  ",4.5 out of 5 stars,67  ,13.59,https://amazon.com/LONCHDAN-Climbing-Stackable-Houseplant-Vegetables/dp/B09SLDTC5T/ref=sr_1_107?keywords=indoor+plants&qid=1665566704&qu=eyJxc2MiOiI3LjU4IiwicXNhIjoiNy40MiIsInFzcCI6IjYuNzcifQ%3D%3D&sr=8-107
"Plant Stand for Indoor Plants,Wood Mid Century Single Plant Table, Modern Plant Shelf for Flower Pot, 16.8"" Tall Plant Holder , Small Round Side Table, End Table…  ",4.6 out of 5 stars,29  ,16.99,https://amazon.com/Indoor-Plants-Century-Single-Modern/dp/B09W2BX64J/ref=sr_1_108?keywords=indoor+plants&qid=1665566704&qu=eyJxc2MiOiI3LjU4IiwicXNhIjoiNy40MiIsInFzcCI6IjYuNzcifQ%3D%3D&sr=8-108
"LINZINAR Plant Stand 4 Tier 5 Potted Indoor Plant Shelf Multiple Stands for Garden Corner Balcony Living Room (4 Tier 5 Potted, Black)  ",4.1 out of 5 stars,935  ,31.99,https://amazon.com/sspa/click?ie=UTF8&spc=MTo3MTI4NTk2MTAxNDA2ODQ0OjE2NjU1NjY3MDc6c3BfYXRmX25leHQ6MjAwMDU4OTQyMjU4MTk4OjowOjo&sp_csd=d2lkZ2V0TmFtZT1zcF9hdGZfbmV4dA&url=%2FLINZINAR-Potted-Indoor-Multiple-Balcony%2Fdp%2FB09H5BB7KV%2Fref%3Dsr_1_97_sspa%3Fkeywords%3Dindoor%2Bplants%26qid%3D1665566707%26qu%3DeyJxc2MiOiI3LjU4IiwicXNhIjoiNy40MiIsInFzcCI6IjYuNzcifQ%253D%253D%26sr%3D8-97-spons%26psc%3D1
"Shprout 6 inch (Small), 9 inch (Medium) and 12 inch (Large) - Set of 3 Licorice Black Planters, Hand Glazed Ceramic Pots for Plants with Matte Finish - Modern & Large Planters for Indoor Plants  ",4.3 out of 5 stars,41  ,94.95,https://amazon.com/sspa/click?ie=UTF8&spc=MTo3MTI4NTk2MTAxNDA2ODQ0OjE2NjU1NjY3MDc6c3BfYXRmX25leHQ6MjAwMDQzODcwMTA0MTk4OjowOjo&sp_csd=d2lkZ2V0TmFtZT1zcF9hdGZfbmV4dA&url=%2FShprout-inch-Small-Medium-Large%2Fdp%2FB09G9D4S4X%2Fref%3Dsr_1_98_sspa%3Fkeywords%3Dindoor%2Bplants%26qid%3D1665566707%26qu%3DeyJxc2MiOiI3LjU4IiwicXNhIjoiNy40MiIsInFzcCI6IjYuNzcifQ%253D%253D%26sr%3D8-98-spons%26psc%3D1
"Plant Stand Rack with Wheels, Iron Plant Stand 5 Tie 6 Pots Indoor Outdoor Plant Shelf Flower Stands, Garden Shelves Plant Display Holder Rack for Living Room Corner Balcony Lawn Patio (Green)  ",4.3 out of 5 stars,66  ,50.99,https://amazon.com/sspa/click?ie=UTF8&spc=MTo3MTI4NTk2MTAxNDA2ODQ0OjE2NjU1NjY3MDc6c3BfYXRmX25leHQ6MjAwMDk0Mzk0NTIzMzUxOjowOjo&sp_csd=d2lkZ2V0TmFtZT1zcF9hdGZfbmV4dA&url=%2FWheels-Outdoor-Shelves-Display-Balcony%2Fdp%2FB09C792SKQ%2Fref%3Dsr_1_99_sspa%3Fkeywords%3Dindoor%2Bplants%26qid%3D1665566707%26qu%3DeyJxc2MiOiI3LjU4IiwicXNhIjoiNy40MiIsInFzcCI6IjYuNzcifQ%253D%253D%26sr%3D8-99-spons%26psc%3D1
Plant Stand Indoor Outdoor，Tall Black Metal Rustproof Stable Plant Stands，2 Tier 27.1 inch Multiple Plant Rack for Planter Corner Garden Living Room & Garden  ,5.0 out of 5 stars,1  ,19.1,https://amazon.com/sspa/click?ie=UTF8&spc=MTo3MTI4NTk2MTAxNDA2ODQ0OjE2NjU1NjY3MDc6c3BfYXRmX25leHQ6MjAwMDkxODQ2MzIzNzk4OjowOjo&sp_csd=d2lkZ2V0TmFtZT1zcF9hdGZfbmV4dA&url=%2FOutdoor%25EF%25BC%258CTall-Rustproof-Stands%25EF%25BC%258C2-Multiple-Planter%2Fdp%2FB0BB64C5QH%2Fref%3Dsr_1_100_sspa%3Fkeywords%3Dindoor%2Bplants%26qid%3D1665566707%26qu%3DeyJxc2MiOiI3LjU4IiwicXNhIjoiNy40MiIsInFzcCI6IjYuNzcifQ%253D%253D%26sr%3D8-100-spons%26psc%3D1
"Nihow Ceramic Planter Pots for Indoor Plants - White Threaded Design Flower Pot with Drainage Hole for Aloe,Orchid,Decorative Plant Pot for Planters Indoor Plants 4 inch  ",5.0 out of 5 stars,2  ,15.99,https://amazon.com/Nihow-Ceramic-Planter-Indoor-Plants/dp/B0B31MH6F2/ref=sr_1_101?keywords=indoor+plants&qid=1665566707&qu=eyJxc2MiOiI3LjU4IiwicXNhIjoiNy40MiIsInFzcCI6IjYuNzcifQ%3D%3D&sr=8-101
"Ekirlin 4 inch Plant Pot - Ceramic Flower Planters Indoor - Modern Succulents Containers with Drain Hole Saucer, Decorate Home, Office & Outdoor (Pink)  ",4.7 out of 5 stars,"1,887  ",13.59,https://amazon.com/Ekirlin-inch-Plant-Pot-Succulents/dp/B08CXN4L5B/ref=sr_1_103?keywords=indoor+plants&qid=1665566707&qu=eyJxc2MiOiI3LjU4IiwicXNhIjoiNy40MiIsInFzcCI6IjYuNzcifQ%3D%3D&sr=8-103
"Indoor Garden with LED Grow Light, Small Indoor Plants Hydroponics Growing System, Indoor Plants Herb Garden Kits for Adults with Automatic Timer, Aerogarden 9 Seed Pods, LED Adjustable Height  ",3.5 out of 5 stars,40  ,32.99,https://amazon.com/Hydroponics-Langkou-Germination-Automatic-Adjustable/dp/B094HRY171/ref=sr_1_104?keywords=indoor+plants&qid=1665566707&qu=eyJxc2MiOiI3LjU4IiwicXNhIjoiNy40MiIsInFzcCI6IjYuNzcifQ%3D%3D&sr=8-104
"LE TAUCI Ceramic Plant Pots, 5.5 Inch Embossed Indoor Flower Pot with Drainage Hole and Saucer, Set of 2, Reactive Glaze Blue  ",4.9 out of 5 stars,87  ,23.99,https://amazon.com/TAUCI-Ceramic-Planters-Drainage-Reactive/dp/B09MZKV239/ref=sr_1_107?keywords=indoor+plants&qid=1665566707&qu=eyJxc2MiOiI3LjU4IiwicXNhIjoiNy40MiIsInFzcCI6IjYuNzcifQ%3D%3D&sr=8-107
"JPSOR Faux Plants Indoor, Artificial Plants for Home Decor Indoor Small Fake Plant Fake Potted Plants Faux Pothos with Black Plastic Pot for Outdoor Living Room Bedroom Office Garden Decor  ",4.1 out of 5 stars,144  ,17.99,https://amazon.com/JPSOR-Artificial-Plastic-Outdoor-Bedroom/dp/B09N6NXNGW/ref=sr_1_108?keywords=indoor+plants&qid=1665566707&qu=eyJxc2MiOiI3LjU4IiwicXNhIjoiNy40MiIsInFzcCI6IjYuNzcifQ%3D%3D&sr=8-108
"Zoowalker Plant Climbing Wall Fixture Clips 30 pcs Green Thumb Clips Plant Fixer Wall Vines Fixing Clips Self-Adhesive Hook Plant Vine Traction for Indoor Outdoor Decoration,Wire Fixing  ",5.0 out of 5 stars,3  ,9.59,https://amazon.com/Zoowalker-Climbing-Self-Adhesive-Traction-Decoration/dp/B0B6QT6J32/ref=sr_1_110?keywords=indoor+plants&qid=1665566707&qu=eyJxc2MiOiI3LjU4IiwicXNhIjoiNy40MiIsInFzcCI6IjYuNzcifQ%3D%3D&sr=8-110
"Fox & Fern Flower Pot, Planter, Plant Pots Indoor, Planters for Indoor Plants, Flower Pots for Indoor Plants - 3D Line Texture - Polystone - Including Drainage Plug - Matte White - 8 Inch Plant Pot  ",4.8 out of 5 stars,411  ,31.99,https://amazon.com/Fox-Fern-Flower-Planter-Planters/dp/B07T3Y77DM/ref=sr_1_111?keywords=indoor+plants&qid=1665566707&qu=eyJxc2MiOiI3LjU4IiwicXNhIjoiNy40MiIsInFzcCI6IjYuNzcifQ%3D%3D&sr=8-111
"Hydroponics Growing System, 12 Pods Indoor Garden with 10.0L Aquarium System, Grow Light, Drainage System, Automatic Timer, Hydroponic Herb Garden kit Including 70 Packs Accessories  ",3.5 out of 5 stars,2  ,209.99,https://amazon.com/Hydroponics-Automatic-Hydroponic-Including-Accessories/dp/B0B9WTKQS1/ref=sr_1_112?keywords=indoor+plants&qid=1665566707&qu=eyJxc2MiOiI3LjU4IiwicXNhIjoiNy40MiIsInFzcCI6IjYuNzcifQ%3D%3D&sr=8-112
"Plant stand, Kcysta Plant Stand Indoor Outdoor, Adjustable Plant Shelf, Black  ",4.8 out of 5 stars,8  ,11.19,https://amazon.com/sspa/click?ie=UTF8&spc=MTo3MTI4NTk2MTAxNDA2ODQ0OjE2NjU1NjY3MDc6c3BfbXRmOjIwMDA4NDM2NjY2NDc5ODo6MDo6&sp_csd=d2lkZ2V0TmFtZT1zcF9tdGY&url=%2FPlant-Kcysta-Indoor-Outdoor-Adjustable%2Fdp%2FB0B4C83NWW%2Fref%3Dsr_1_113_sspa%3Fkeywords%3Dindoor%2Bplants%26qid%3D1665566707%26qu%3DeyJxc2MiOiI3LjU4IiwicXNhIjoiNy40MiIsInFzcCI6IjYuNzcifQ%253D%253D%26sr%3D8-113-spons%26psc%3D1
Honeycomber 1000 - Adjustable Scrog System for Plants - Horizontal Trellis & Plant Trainer - for Indoor or Outdoor Growing - Beginner Friendly Scrogging Kit with Reusable Screen Panels and Wheels  ,4.6 out of 5 stars,5  ,39.99,https://amazon.com/sspa/click?ie=UTF8&spc=MTo3MTI4NTk2MTAxNDA2ODQ0OjE2NjU1NjY3MDc6c3BfbXRmOjIwMDA2MjM4OTUzMTk5ODo6MDo6&sp_csd=d2lkZ2V0TmFtZT1zcF9tdGY&url=%2FHoneycomber-1000-Adjustable-Horizontal-Scrogging%2Fdp%2FB0B1729CPF%2Fref%3Dsr_1_115_sspa%3Fkeywords%3Dindoor%2Bplants%26qid%3D1665566707%26qu%3DeyJxc2MiOiI3LjU4IiwicXNhIjoiNy40MiIsInFzcCI6IjYuNzcifQ%253D%253D%26sr%3D8-115-spons%26psc%3D1
"10 Inch Planter Pot with Stand, Mid-Century Tall Plant Pot with Legs for Indoor Plants, Medium, Black, 88-ST-2-M  ",4.7 out of 5 stars,596  ,79.99,https://amazon.com/sspa/click?ie=UTF8&spc=MTo3MTI4NTk2MTAxNDA2ODQ0OjE2NjU1NjY3MDc6c3BfbXRmOjIwMDA5MTYwMjUyMzY5ODo6MDo6&sp_csd=d2lkZ2V0TmFtZT1zcF9tdGY&url=%2FInches-Planter-Mid-Century-Finishing-Drainage%2Fdp%2FB07SG2JFYR%2Fref%3Dsr_1_116_sspa%3Fkeywords%3Dindoor%2Bplants%26qid%3D1665566707%26qu%3DeyJxc2MiOiI3LjU4IiwicXNhIjoiNy40MiIsInFzcCI6IjYuNzcifQ%253D%253D%26sr%3D8-116-spons%26psc%3D1
Neatness Plant Pots with Drainage Holes and Saucers - Flower Pots for Indoor Plants and Planters for Outdoor Plants - Set of 6 Multicolor Pastel 7.5 Inch Plant Pots with Plant Labels  ,4.8 out of 5 stars,28  ,19.99,https://amazon.com/Neatness-Plant-Drainage-Holes-Saucers/dp/B0B1TWDHS6/ref=sr_1_118?keywords=indoor+plants&qid=1665566707&qu=eyJxc2MiOiI3LjU4IiwicXNhIjoiNy40MiIsInFzcCI6IjYuNzcifQ%3D%3D&sr=8-118
"Bonsai Tree Starter Kit with Complete Growing Kit - Bonsai Pot, Soil, Pruner, Watering, Markers & Guide - Garden Gift for Women & Men  ",3.7 out of 5 stars,831  ,23.99,https://amazon.com/Bonsai-Tree-Seed-Starter-Kit/dp/B09J1M1ZVS/ref=sr_1_119?keywords=indoor+plants&qid=1665566707&qu=eyJxc2MiOiI3LjU4IiwicXNhIjoiNy40MiIsInFzcCI6IjYuNzcifQ%3D%3D&sr=8-119
Sggvecsy Fake Hanging Plants 3 Pack Artificial Hanging Eucalyptus Plants Fake Hanging Plants Tall Potted Mandala Greenery Pea Pod for Home Indoor Outdoor Wall Garden Wedding Decor  ,4.5 out of 5 stars,44  ,17.89,https://amazon.com/Sggvecsy-Hanging-Artificial-Eucalyptus-Greenery/dp/B09XB95JGG/ref=sr_1_120?keywords=indoor+plants&qid=1665566707&qu=eyJxc2MiOiI3LjU4IiwicXNhIjoiNy40MiIsInFzcCI6IjYuNzcifQ%3D%3D&sr=8-120
"Planters for Indoor Plants, Pack of 6 Flower Pots, HEMOPLT Self Watering Planter Pots, 5.1"" / 6.8"" Decorative Garden Pots for Plants, Flowers, Succulents & Cactus (Gold/Silver/Rose Gold)  ",4.2 out of 5 stars,49  ,23.99,https://amazon.com/HEMOPLT-Watering-Outdoor-Planters-Container/dp/B09NZXJ7RQ/ref=sr_1_122?keywords=indoor+plants&qid=1665566707&qu=eyJxc2MiOiI3LjU4IiwicXNhIjoiNy40MiIsInFzcCI6IjYuNzcifQ%3D%3D&sr=8-122
Set of 2 Artificial Potted Plants Potted Eucalyptus Plant Artificial Grass in Modern Concrete Plant Pots Outdoor  ,4.6 out of 5 stars,652  ,15.99,https://amazon.com/Artificial-Potted-Plants-Eucalyptus-Concrete/dp/B08DY2XKF6/ref=sr_1_123?keywords=indoor+plants&qid=1665566707&qu=eyJxc2MiOiI3LjU4IiwicXNhIjoiNy40MiIsInFzcCI6IjYuNzcifQ%3D%3D&sr=8-123
Planters for Indoor Plants - Set of 2 Metal Planters with Stands - Indoor Plant Pots for Indoor Plants - Mid Century Plant Stands with Pots - Plant Pots Indoor Planter (Teal/Gold)  ,4.6 out of 5 stars,3  ,79.99,https://amazon.com/Planters-Indoor-Plants-Century-Planter/dp/B09WBXMMFK/ref=sr_1_124?keywords=indoor+plants&qid=1665566707&qu=eyJxc2MiOiI3LjU4IiwicXNhIjoiNy40MiIsInFzcCI6IjYuNzcifQ%3D%3D&sr=8-124
"MUFGA 8 Pods Hydroponics Growing System, Indoor Garden with LED Grow Light, Plants Germination Kit, Mini Herb Garden with Pump System, Height Adjustable (No Seed)  ",4.9 out of 5 stars,12  ,49.99,https://amazon.com/MUFGA-Hydroponics-Growing-Germination-Adjustable/dp/B0B5WP4XQ8/ref=sr_1_125?keywords=indoor+plants&qid=1665566707&qu=eyJxc2MiOiI3LjU4IiwicXNhIjoiNy40MiIsInFzcCI6IjYuNzcifQ%3D%3D&sr=8-125
"Ceramic Plant Pot 2 Pack, Flower Pot for Indoor Plants, 4.7 + 6 inch Plant Pot Set, Small Plant Pot Indoor Boho Planter Plant Pot with Drainage, for Cactus Succulent Snake Plants Bamboo and Outdoor  ",4.6 out of 5 stars,26  ,18.99,https://amazon.com/Ceramic-Planter-Drainage-Succulent-Outdoor/dp/B09TKS8BLN/ref=sr_1_127?keywords=indoor+plants&qid=1665566707&qu=eyJxc2MiOiI3LjU4IiwicXNhIjoiNy40MiIsInFzcCI6IjYuNzcifQ%3D%3D&sr=8-127
"JPSOR Faux Plants Indoor, Pothos Small Fake Plants for Home Decor Indoor Fake Potted Plant Artificial Plants for Living Room Shelf Home Office Decor（White Ceramic Pot）  ",4.4 out of 5 stars,129  ,21.99,https://amazon.com/JPSOR-Plants-Artificial-Decor%EF%BC%88White-Ceramic/dp/B09N6X4DM2/ref=sr_1_128?keywords=indoor+plants&qid=1665566707&qu=eyJxc2MiOiI3LjU4IiwicXNhIjoiNy40MiIsInFzcCI6IjYuNzcifQ%3D%3D&sr=8-128
"Succulent Pots 3 Pack, 3.15 Inch Small Plastic Succulent Pots with Drainage, White Succulent Planters Flower Pots for Plants , Plants Not Included  ",4.6 out of 5 stars,24  ,7.99,https://amazon.com/sspa/click?ie=UTF8&spc=MTo3MTI4NTk2MTAxNDA2ODQ0OjE2NjU1NjY3MDc6c3BfbXRmOjIwMDA4NDUzODc0MTU5ODo6MDo6&sp_csd=d2lkZ2V0TmFtZT1zcF9tdGY&url=%2FSucculent-Plastic-Drainage-Planters-Included%2Fdp%2FB0B7RTWFVL%2Fref%3Dsr_1_129_sspa%3Fkeywords%3Dindoor%2Bplants%26qid%3D1665566707%26qu%3DeyJxc2MiOiI3LjU4IiwicXNhIjoiNy40MiIsInFzcCI6IjYuNzcifQ%253D%253D%26sr%3D8-129-spons%26psc%3D1
"Succulent Pots, Warmplus 3 inch Mandala Planter Pot with Drainage and Bamboo Tray, Small Pots for All House Plants, Succulents, Flowers, Cactus, Pack of 6 - Plants Not Included  ",4.7 out of 5 stars,583  ,26.99,https://amazon.com/sspa/click?ie=UTF8&spc=MTo3MTI4NTk2MTAxNDA2ODQ0OjE2NjU1NjY3MDc6c3BfbXRmOjIwMDA4OTg5NzE3MzE5ODo6MDo6&sp_csd=d2lkZ2V0TmFtZT1zcF9tdGY&url=%2FSucculent-Warmplus-Mandala-Drainage-Succulents%2Fdp%2FB095YDFZKD%2Fref%3Dsr_1_130_sspa%3Fkeywords%3Dindoor%2Bplants%26qid%3D1665566707%26qu%3DeyJxc2MiOiI3LjU4IiwicXNhIjoiNy40MiIsInFzcCI6IjYuNzcifQ%253D%253D%26sr%3D8-130-spons%26psc%3D1
"Almasa Macrame Plant Hanger Hanging Planter Basket, Handmade Cotton Hanging Plants holder-41.3inch, White Color(no Hooks),(no flowerpots) Tassels Included  ",4.5 out of 5 stars,5  ,9.99,https://amazon.com/sspa/click?ie=UTF8&spc=MTo3MTI4NTk2MTAxNDA2ODQ0OjE2NjU1NjY3MDc6c3BfbXRmOjIwMDA1NzI0MTMyMDE1MTo6MDo6&sp_csd=d2lkZ2V0TmFtZT1zcF9tdGY&url=%2FAlmasa-Handmade-holder-41-3inch-flowerpots-Included%2Fdp%2FB08RC7Z8QL%2Fref%3Dsr_1_131_sspa%3Fkeywords%3Dindoor%2Bplants%26qid%3D1665566707%26qu%3DeyJxc2MiOiI3LjU4IiwicXNhIjoiNy40MiIsInFzcCI6IjYuNzcifQ%253D%253D%26sr%3D8-131-spons%26psc%3D1
3 Pcs Small Potted Plants Fake Eucalyptus Plants and Tropical Snake Plant in Black Geometric Concrete Ceramic Pots for Modern Home Kitchen Windowsill Table Shelf Indoor Outdoor Greenery Decor  ,4.6 out of 5 stars,11  ,19.99,https://amazon.com/Eucalyptus-Tropical-Geometric-Concrete-Windowsill/dp/B09ZHPDZ3C/ref=sr_1_133?keywords=indoor+plants&qid=1665566707&qu=eyJxc2MiOiI3LjU4IiwicXNhIjoiNy40MiIsInFzcCI6IjYuNzcifQ%3D%3D&sr=8-133
"Fox & Fern Plant Pot, Plant Pots Indoor, Planters for Indoor Plants, Flower Pots for Indoor Plants - Fits Mid Century Modern Plant Stand - Drainage Plug - Fiberstone - Matte White - 12 Inch Planter  ",4.8 out of 5 stars,"6,901  ",55.99,https://amazon.com/Plant-Pot-Fox-Fern-Mid-Century/dp/B07D9VB36M/ref=sr_1_134?keywords=indoor+plants&qid=1665566707&qu=eyJxc2MiOiI3LjU4IiwicXNhIjoiNy40MiIsInFzcCI6IjYuNzcifQ%3D%3D&sr=8-134
Faux Plants Indoor - Fake Potted Pothos Plant for Home Decor Artificial Greenery with White Ceramic Planter for Bedroom Living Room Office Garden Table Shelf Decor  ,4.0 out of 5 stars,42  ,19.99,https://amazon.com/Faux-Plants-Indoor-Artificial-Greenery/dp/B09VDJ48HK/ref=sr_1_136?keywords=indoor+plants&qid=1665566707&qu=eyJxc2MiOiI3LjU4IiwicXNhIjoiNy40MiIsInFzcCI6IjYuNzcifQ%3D%3D&sr=8-136
"Lutron Caseta Wireless Pedestal for Pico Smart Remote, L-PED1-WH, White  ",4.9 out of 5 stars,"1,503  ",9.97,https://amazon.com/Caseta-Wireless-Pedestal-Remote-L-PED1-WH/dp/B003WGU2MU/ref=sr_1_137?keywords=indoor+plants&qid=1665566707&qu=eyJxc2MiOiI3LjU4IiwicXNhIjoiNy40MiIsInFzcCI6IjYuNzcifQ%3D%3D&sr=8-137
"Black Ceramic Planters for Indoor Plants,Set of 2Pcs,7+5.6 Inch Plant Pot,JOYONIC House Plant Pots with Drainage and Plug,Flower Pot Nursery Planting Pot for Indoor Plants,Succulents,Snake Plant  ",4.8 out of 5 stars,17  ,22.18,https://amazon.com/Ceramic-Planters-Drainage-Planting-Succulents/dp/B0B1CZFHK8/ref=sr_1_138?keywords=indoor+plants&qid=1665566707&qu=eyJxc2MiOiI3LjU4IiwicXNhIjoiNy40MiIsInFzcCI6IjYuNzcifQ%3D%3D&sr=8-138
HOBBYMATE Planter Pot Indoor Outdoor Plant Pot | 6 inch Plastic Plant Pot for Small & Medium Size Plant - Pack of 2 Gray Color  ,2.9 out of 5 stars,3  ,7.9,https://amazon.com/HOBBYMATE-Planter-Indoor-Outdoor-Plastic/dp/B0B3RR2T45/ref=sr_1_140?keywords=indoor+plants&qid=1665566707&qu=eyJxc2MiOiI3LjU4IiwicXNhIjoiNy40MiIsInFzcCI6IjYuNzcifQ%3D%3D&sr=8-140
"Ceramic Orchid Pot with a Drainage,Indoor Plant pots, Snake Plant Pot,6 inch Plant Pot,Column-Shaped Gardening pots ,Antique Indoor Plant pots,Decorative Plant Pot (Light Blue)…  ",4.5 out of 5 stars,243  ,15.99,https://amazon.com/Ceramic-Drainage-Column-Shaped-Gardening-Decorative/dp/B09NPX2HK1/ref=sr_1_141?keywords=indoor+plants&qid=1665566707&qu=eyJxc2MiOiI3LjU4IiwicXNhIjoiNy40MiIsInFzcCI6IjYuNzcifQ%3D%3D&sr=8-141
"WXBOOM Artificial Hanging Plants, 3 Pack Fake Hanging Plants Fake Potted Greenery Plants Faux Eucalyptus Vine, Mandala Vine in Pot for Home Room Indoor Outdoor Shelf Decor  ",4.3 out of 5 stars,287  ,22.99,https://amazon.com/WXBOOM-Hanging-Artificial-Greenery-Eucalyptus/dp/B09JW3XQ4N/ref=sr_1_142?keywords=indoor+plants&qid=1665566707&qu=eyJxc2MiOiI3LjU4IiwicXNhIjoiNy40MiIsInFzcCI6IjYuNzcifQ%3D%3D&sr=8-142
"Phoenix Vine 4 Inch 6 Inch Self Watering Plants Pot, Design Terracotta Pots for Plants, Indoor Cylinder Terra Cotta Planter Pots with Glass Vase Set  ",4.7 out of 5 stars,78  ,40.99,https://amazon.com/Phoenix-Vine-Watering-Terracotta-Cylinder/dp/B09TK3CSRT/ref=sr_1_143?keywords=indoor+plants&qid=1665566707&qu=eyJxc2MiOiI3LjU4IiwicXNhIjoiNy40MiIsInFzcCI6IjYuNzcifQ%3D%3D&sr=8-143
"2 Pack Seedling Heat Mats - MET Standard Warm Hydroponic Heating Pad for Indoor Gardening, Durable Waterproof 20"" x 20.75""  ",4.7 out of 5 stars,50  ,38.99,https://amazon.com/Pack-Seedling-Heat-Mats-Hydroponic/dp/B0BCZ6FC7Y/ref=sr_1_144?keywords=indoor+plants&qid=1665566707&qu=eyJxc2MiOiI3LjU4IiwicXNhIjoiNy40MiIsInFzcCI6IjYuNzcifQ%3D%3D&sr=8-144
"Hanging Planter with 3 Ceramic Pots - Hanging Planters for Indoor Plants, Succulents, Vine Plants, Flowers - Indoor Plant Hanger - Modern Home Decor for Wall, Kitchen, Window - Hanging Plant Holder  ",4.7 out of 5 stars,209  ,57.99,https://amazon.com/Hanging-Planter-Ceramic-Pots-Succulents/dp/B08S398D35/ref=sr_1_146?keywords=indoor+plants&qid=1665566707&qu=eyJxc2MiOiI3LjU4IiwicXNhIjoiNy40MiIsInFzcCI6IjYuNzcifQ%3D%3D&sr=8-146
"Succulent Pots 6 Pack, 3.15” Ceramic Funny Succulent Planters with Drainage and Bamboo Tray, Small Plant Pots with Plant Labels for Indoor Outdoor Plant, Birthday Gifts for Women - Plants Not Included  ",5.0 out of 5 stars,2  ,31.99,https://amazon.com/Succulent-Ceramic-Planters-Drainage-Birthday/dp/B0B51JCJL1/ref=sr_1_147?keywords=indoor+plants&qid=1665566707&qu=eyJxc2MiOiI3LjU4IiwicXNhIjoiNy40MiIsInFzcCI6IjYuNzcifQ%3D%3D&sr=8-147
"15 Pods Hydroponics Growing System with Tank Alert, Indoor Herb Garden with Grow Light, 30.31 Inches Adjustable Height, Indoor Gardening System with 5.5L Water Tank, Black  ",4.0 out of 5 stars,7  ,159.99,https://amazon.com/Hydroponics-Growing-System-Adjustable-Gardening/dp/B0B5R6Z3Q9/ref=sr_1_149?keywords=indoor+plants&qid=1665566707&qu=eyJxc2MiOiI3LjU4IiwicXNhIjoiNy40MiIsInFzcCI6IjYuNzcifQ%3D%3D&sr=8-149
"M1200 LED Grow Light with Daisy Chain Function, Dimmable Full Spectrum LED Plant Growing Light with 360pcs LEDs, Wide Footprint 3x3ft for Indoor Plants  ",4.7 out of 5 stars,773  ,69.0,https://amazon.com/MIEEMCLUX-Function-Dimmable-Spectrum-Footprint/dp/B0925XB45V/ref=sr_1_151?keywords=indoor+plants&qid=1665566707&qu=eyJxc2MiOiI3LjU4IiwicXNhIjoiNy40MiIsInFzcCI6IjYuNzcifQ%3D%3D&sr=8-151
Tagobar Plant Pots Plant Indoor - 4.7 Inch Modern Ceramic Pots for Plant Flower Pot with Drainage Hole for Home Office Decoration (Pink & Plant Not Included)  ,5.0 out of 5 stars,2  ,10.39,https://amazon.com/Tagobar-Plant-Pots-Indoor-Decoration/dp/B0B5198JNH/ref=sr_1_152?keywords=indoor+plants&qid=1665566707&qu=eyJxc2MiOiI3LjU4IiwicXNhIjoiNy40MiIsInFzcCI6IjYuNzcifQ%3D%3D&sr=8-152
"Fake Potted Plants - Set of 4 Artificial Potted Flowers Faux Plants Lavender in Macaron Pot Plastic Flowers Bonsai for Indoor Outdoor Home Kitchen Office Desktop Wedding Decor -(Medium,10.5 inch)  ",4.4 out of 5 stars,202  ,25.99,https://amazon.com/Fake-Potted-Plants-Artificial-Lavender/dp/B09TRBSQFY/ref=sr_1_153?keywords=indoor+plants&qid=1665566707&qu=eyJxc2MiOiI3LjU4IiwicXNhIjoiNy40MiIsInFzcCI6IjYuNzcifQ%3D%3D&sr=8-153
"MONMOB 4.7"" Pack of 2 Dog Succulent Pot/Pig Pen Pencil Holder/Indoor Plant Pots/Cactus Bonsai Flower Pots for Home Office Desk Decoration  ",1.0 out of 5 stars,1  ,9.99,https://amazon.com/MONMOB-Succulent-Pencil-Holder-Decoration/dp/B09X41MZZB/ref=sr_1_154?keywords=indoor+plants&qid=1665566707&qu=eyJxc2MiOiI3LjU4IiwicXNhIjoiNy40MiIsInFzcCI6IjYuNzcifQ%3D%3D&sr=8-154
"LINZINAR Plant Stand 4 Tier 5 Potted Indoor Plant Shelf Multiple Stands for Garden Corner Balcony Living Room (4 Tier 5 Potted, Black)  ",4.1 out of 5 stars,935  ,31.99,https://amazon.com/gp/slredirect/picassoRedirect.html/ref=pa_sp_atf_next_aps_sr_pg4_1?ie=UTF8&adId=A05661873JM1IL816VTQJ&url=%2FLINZINAR-Potted-Indoor-Multiple-Balcony%2Fdp%2FB09H5BB7KV%2Fref%3Dsr_1_145_sspa%3Fkeywords%3Dindoor%2Bplants%26qid%3D1665566711%26qu%3DeyJxc2MiOiI3LjU4IiwicXNhIjoiNy40MiIsInFzcCI6IjYuNzcifQ%253D%253D%26sr%3D8-145-spons%26psc%3D1&qualifier=1665566711&id=1907418054387735&widgetName=sp_atf_next
"Plant Stand Rack with Wheels, Iron Plant Stand 5 Tie 6 Pots Indoor Outdoor Plant Shelf Flower Stands, Garden Shelves Plant Display Holder Rack for Living Room Corner Balcony Lawn Patio (Green)  ",4.3 out of 5 stars,66  ,50.99,https://amazon.com/gp/slredirect/picassoRedirect.html/ref=pa_sp_atf_next_aps_sr_pg4_1?ie=UTF8&adId=A04832501TZY65AH6ONMM&url=%2FWheels-Outdoor-Shelves-Display-Balcony%2Fdp%2FB09C792SKQ%2Fref%3Dsr_1_146_sspa%3Fkeywords%3Dindoor%2Bplants%26qid%3D1665566711%26qu%3DeyJxc2MiOiI3LjU4IiwicXNhIjoiNy40MiIsInFzcCI6IjYuNzcifQ%253D%253D%26sr%3D8-146-spons%26psc%3D1&qualifier=1665566711&id=1907418054387735&widgetName=sp_atf_next
"Shprout 6 inch (Small), 9 inch (Medium) and 12 inch (Large) - Set of 3 Licorice Black Planters, Hand Glazed Ceramic Pots for Plants with Matte Finish - Modern & Large Planters for Indoor Plants  ",4.3 out of 5 stars,41  ,94.95,https://amazon.com/gp/slredirect/picassoRedirect.html/ref=pa_sp_atf_next_aps_sr_pg4_1?ie=UTF8&adId=A09236043AXVSM23A8U40&url=%2FShprout-inch-Small-Medium-Large%2Fdp%2FB09G9D4S4X%2Fref%3Dsr_1_147_sspa%3Fkeywords%3Dindoor%2Bplants%26qid%3D1665566711%26qu%3DeyJxc2MiOiI3LjU4IiwicXNhIjoiNy40MiIsInFzcCI6IjYuNzcifQ%253D%253D%26sr%3D8-147-spons%26psc%3D1&qualifier=1665566711&id=1907418054387735&widgetName=sp_atf_next
European-Style Retro Flower Stand/Plant Stand Wrought Iron Flower Stand 4-Layer Plant Flower Pot Stand with Brake Wheel Frame Brown Flower Stand  ,4.0 out of 5 stars,22  ,43.99,https://amazon.com/gp/slredirect/picassoRedirect.html/ref=pa_sp_atf_next_aps_sr_pg4_1?ie=UTF8&adId=A02452233EZCX8QR6JVN5&url=%2FEuropean-Style-Retro-Flower-Wrought-4-Layer%2Fdp%2FB08BZDQKXC%2Fref%3Dsr_1_148_sspa%3Fkeywords%3Dindoor%2Bplants%26qid%3D1665566711%26qu%3DeyJxc2MiOiI3LjU4IiwicXNhIjoiNy40MiIsInFzcCI6IjYuNzcifQ%253D%253D%26sr%3D8-148-spons%26psc%3D1%26smid%3DA3RHHD9SPWMO24&qualifier=1665566711&id=1907418054387735&widgetName=sp_atf_next
"4 Pack Small Trellis for Potted Plants, Stackable House Plant Trellis w/ Cable Ties for Climbing Plants Indoor, Gold Monstera Trellis Plant Support Stakes for Indoor Plants  ",4.6 out of 5 stars,14  ,15.96,https://amazon.com/Trellis-Stackable-Climbing-Monstera-Support/dp/B09ZSJ46VK/ref=sr_1_149?keywords=indoor+plants&qid=1665566711&qu=eyJxc2MiOiI3LjU4IiwicXNhIjoiNy40MiIsInFzcCI6IjYuNzcifQ%3D%3D&sr=8-149
"Fyheart Grow Lights for Indoor Plants,Full Spectrum Grow Light,Height Adjustable Plant Light for Indoor Plants,Grow Lights with 6 Light Tubes,3 Light Modes,5 Dimmable Brightness,4/8/12H Timer  ",4.4 out of 5 stars,464  ,31.35,https://amazon.com/Fyheart-Spectrum-Adjustable-Dimmable-Brightness/dp/B0B8HTJXJK/ref=sr_1_150?keywords=indoor+plants&qid=1665566711&qu=eyJxc2MiOiI3LjU4IiwicXNhIjoiNy40MiIsInFzcCI6IjYuNzcifQ%3D%3D&sr=8-150
"UEHICT Plant Grow Lights for Indoor Plants - Full Spectrum LED Grow Light, 96 LEDs Clip on Light UV Plant Growing Lamps, Auto Timer, 10-Level Dimmable, 3 Light Colors for Seed Starting, Indoor Growth  ",4.2 out of 5 stars,6  ,19.12,https://amazon.com/UEHICT-Plant-Lights-Indoor-Plants/dp/B0B5YX9ZDG/ref=sr_1_151?keywords=indoor+plants&qid=1665566711&qu=eyJxc2MiOiI3LjU4IiwicXNhIjoiNy40MiIsInFzcCI6IjYuNzcifQ%3D%3D&sr=8-151
Plant Stand Rack 2 Tier Metal Flower Pot Stand Anti-Rust Heavy Duty Plant Holder Shelf for Home Indoor Outdoor  ,3.7 out of 5 stars,10  ,17.74,https://amazon.com/Flower-Anti-Rust-Holder-Indoor-Outdoor/dp/B0B5G9JPFQ/ref=sr_1_152?keywords=indoor+plants&qid=1665566711&qu=eyJxc2MiOiI3LjU4IiwicXNhIjoiNy40MiIsInFzcCI6IjYuNzcifQ%3D%3D&sr=8-152
"T5 Grow Lights for Indoor Plants, 1.4Ft. 2-Pack (2 x10W, Equivalent to 160W) Full Spectrum LED Plant Light Bulbs with V-Shape Reflector, 4000K White Growing Lamp for Shelf/Rack  ",4.7 out of 5 stars,42  ,19.99,https://amazon.com/Equivalent-Spectrum-V-Shape-Reflector-Growing/dp/B09SFP51C1/ref=sr_1_153?keywords=indoor+plants&qid=1665566711&qu=eyJxc2MiOiI3LjU4IiwicXNhIjoiNy40MiIsInFzcCI6IjYuNzcifQ%3D%3D&sr=8-153
"FGSAEOR Macrame Plant Hanger, Hanging Wall Planters for Indoor Plants, Wooden Hanging Basket Hooks for Outdoor Pots Wind Chime Flower Bracket Lanterns Patio Garden Decoration (2-Pack,5-Inch)  ",4.4 out of 5 stars,156  ,15.98,https://amazon.com/FGSAEOR-Macrame-Planters-Lanterns-Decoration/dp/B09XF7XLMP/ref=sr_1_154?keywords=indoor+plants&qid=1665566711&qu=eyJxc2MiOiI3LjU4IiwicXNhIjoiNy40MiIsInFzcCI6IjYuNzcifQ%3D%3D&sr=8-154
"iDOO Hydroponics Growing System 12Pods, Indoor Garden with LED Grow Light, Plants Germination Kit, Built-in Fan, Automatic Timer, Adjustable Height Up to 11.3"" for Home, Office  ",4.5 out of 5 stars,"4,663  ",63.99,https://amazon.com/iDOO-Hydroponics-Germination-Adjustable-ID-IG301/dp/B08DLMRKHM/ref=sr_1_155?keywords=indoor+plants&qid=1665566711&qu=eyJxc2MiOiI3LjU4IiwicXNhIjoiNy40MiIsInFzcCI6IjYuNzcifQ%3D%3D&sr=8-155
"Watering Can Indoor Plants, 35 oz/1000 ml Metal Stainless Steel Watering Can Pot with Long Spout for Indoor House Plants Bonsai Outdoor Garden Flower Decorative (Black)  ",4.8 out of 5 stars,114  ,21.59,https://amazon.com/Watering-Indoor-Stainless-Outdoor-Decorative/dp/B09SZ4VK1V/ref=sr_1_156?keywords=indoor+plants&qid=1665566711&qu=eyJxc2MiOiI3LjU4IiwicXNhIjoiNy40MiIsInFzcCI6IjYuNzcifQ%3D%3D&sr=8-156
"Xilanhhaa 6 Pcs Clear Plant Watering Bulbs Garden Watering Globes,Plastic Self-Watering Globes Garden Water Device for Plant Indoor Outdoor  ",3.9 out of 5 stars,547  ,10.99,https://amazon.com/Xilanhhaa-Watering-Plastic-Self-Watering-Outdoor/dp/B08MZG1VLW/ref=sr_1_157?keywords=indoor+plants&qid=1665566711&qu=eyJxc2MiOiI3LjU4IiwicXNhIjoiNy40MiIsInFzcCI6IjYuNzcifQ%3D%3D&sr=8-157
"Feedee Macrame Plant Hangers Indoor Macrame Hanging Planters for Indoor Plants - 6 Pack Hanging Plant Holders Indoor Hanging, Handmade Macromay Plant Hangers for Indoor Plant Hanger, Boho & Home Decor  ",4.7 out of 5 stars,846  ,18.39,https://amazon.com/Feedee-Macrame-Hangers-Hanging-Planters/dp/B09F3JTSJL/ref=sr_1_158?keywords=indoor+plants&qid=1665566711&qu=eyJxc2MiOiI3LjU4IiwicXNhIjoiNy40MiIsInFzcCI6IjYuNzcifQ%3D%3D&sr=8-158
"LINZINAR Plant Stand 4 Tier 5 Potted Indoor Plant Shelf Multiple Stands for Garden Corner Balcony Living Room (4 Tier 5 Potted, Black)  ",4.1 out of 5 stars,935  ,31.99,https://amazon.com/LINZINAR-Potted-Indoor-Multiple-Balcony/dp/B09H5BB7KV/ref=sr_1_159?keywords=indoor+plants&qid=1665566711&qu=eyJxc2MiOiI3LjU4IiwicXNhIjoiNy40MiIsInFzcCI6IjYuNzcifQ%3D%3D&sr=8-159
"ADEBOLA Tall Plant Stand Indoor, Metal Plant Stand Holder for Indoor Plants, 32 Inch Two Tier Modern Corner Flower Pots Planter Stand for Living Room Balcony  ",4.5 out of 5 stars,96  ,29.59,https://amazon.com/ADEBOLA-Indoor-Holder-Planter-Balcony/dp/B09PMHSCR2/ref=sr_1_160?keywords=indoor+plants&qid=1665566711&qu=eyJxc2MiOiI3LjU4IiwicXNhIjoiNy40MiIsInFzcCI6IjYuNzcifQ%3D%3D&sr=8-160
Plant Stand Indoor Outdoor，Tall Black Metal Rustproof Stable Plant Stands，2 Tier 27.1 inch Multiple Plant Rack for Planter Corner Garden Living Room & Garden  ,5.0 out of 5 stars,1  ,19.1,https://amazon.com/gp/slredirect/picassoRedirect.html/ref=pa_sp_mtf_aps_sr_pg4_1?ie=UTF8&adId=A02806222C7IK0M21HZJO&url=%2FOutdoor%25EF%25BC%258CTall-Rustproof-Stands%25EF%25BC%258C2-Multiple-Planter%2Fdp%2FB0BB64C5QH%2Fref%3Dsr_1_161_sspa%3Fkeywords%3Dindoor%2Bplants%26qid%3D1665566711%26qu%3DeyJxc2MiOiI3LjU4IiwicXNhIjoiNy40MiIsInFzcCI6IjYuNzcifQ%253D%253D%26sr%3D8-161-spons%26psc%3D1&qualifier=1665566711&id=1907418054387735&widgetName=sp_mtf
"Hanging Planters for Window with Plants Pots - Wall / Window Plant Hanger Indoor Herb Garden (1pc, White)  ",4.5 out of 5 stars,857  ,15.99,https://amazon.com/gp/slredirect/picassoRedirect.html/ref=pa_sp_mtf_aps_sr_pg4_1?ie=UTF8&adId=A01753561B9R6DES0F7AT&url=%2FHanging-Planters-Window-Plants-Pots%2Fdp%2FB0B776KPM7%2Fref%3Dsr_1_162_sspa%3Fkeywords%3Dindoor%2Bplants%26qid%3D1665566711%26qu%3DeyJxc2MiOiI3LjU4IiwicXNhIjoiNy40MiIsInFzcCI6IjYuNzcifQ%253D%253D%26sr%3D8-162-spons%26psc%3D1%26smid%3DAHEII252NMGJ&qualifier=1665566711&id=1907418054387735&widgetName=sp_mtf
"Plant stand, Kcysta Plant Stand Indoor Outdoor, Adjustable Plant Shelf, Black  ",4.8 out of 5 stars,8  ,11.19,https://amazon.com/gp/slredirect/picassoRedirect.html/ref=pa_sp_mtf_aps_sr_pg4_1?ie=UTF8&adId=A05366751E9TCH8FL62XQ&url=%2FPlant-Kcysta-Indoor-Outdoor-Adjustable%2Fdp%2FB0B4C83NWW%2Fref%3Dsr_1_163_sspa%3Fkeywords%3Dindoor%2Bplants%26qid%3D1665566711%26qu%3DeyJxc2MiOiI3LjU4IiwicXNhIjoiNy40MiIsInFzcCI6IjYuNzcifQ%253D%253D%26sr%3D8-163-spons%26psc%3D1&qualifier=1665566711&id=1907418054387735&widgetName=sp_mtf
LINZINAR Plant Stand Metal 6 Tier 7 Potted Multiple Flower Pot Holder Shelf Indoor Outdoor Planter Display Shelving Unit for Patio Garden Corner Balcony Living Room Dark Grey  ,4.1 out of 5 stars,"1,043  ",33.29,https://amazon.com/LINZINAR-Multiple-Outdoor-Planter-Shelving/dp/B09RF2VW8R/ref=sr_1_165?keywords=indoor+plants&qid=1665566711&qu=eyJxc2MiOiI3LjU4IiwicXNhIjoiNy40MiIsInFzcCI6IjYuNzcifQ%3D%3D&sr=8-165
"Kings Gardening Clever Pot - Self Watering Pot for Indoor Outdoor Use, Animated Eye Water Level Indicator, UV Resistant Planter, Ideal for Flowers, Succulents, African Violets, and More 8"" (Black Owl)  ",4.6 out of 5 stars,69  ,26.99,https://amazon.com/GARDENING-Watering-Indicator-Resistant-Succulents/dp/B095535441/ref=sr_1_166?keywords=indoor+plants&qid=1665566711&qu=eyJxc2MiOiI3LjU4IiwicXNhIjoiNy40MiIsInFzcCI6IjYuNzcifQ%3D%3D&sr=8-166
"AZERPIAN Plant Stand 5 Tier Indoor Metal Flower Shelf for Multiple Plants Corner Tall Flower Holders for Patio Garden Living Room Balcony Bedroom, (White)  ",3.9 out of 5 stars,40  ,34.99,https://amazon.com/AZERPIAN-Multiple-Holders-Balcony-Bedroom/dp/B0B4D7NGWS/ref=sr_1_167?keywords=indoor+plants&qid=1665566711&qu=eyJxc2MiOiI3LjU4IiwicXNhIjoiNy40MiIsInFzcCI6IjYuNzcifQ%3D%3D&sr=8-167
"Grow Lights for Indoor Plants, Six Head LED Grow Light with Full Spectrum & Red White Spectrum for Indoor Plant Growing Lamp, Adjustable Gooseneck, Suitable for Plants Growth(Six Head Grow Light)  ",4.5 out of 5 stars,119  ,18.99,https://amazon.com/Spectrum-Growing-Adjustable-Gooseneck-Suitable/dp/B09XDK4N6S/ref=sr_1_168?keywords=indoor+plants&qid=1665566711&qu=eyJxc2MiOiI3LjU4IiwicXNhIjoiNy40MiIsInFzcCI6IjYuNzcifQ%3D%3D&sr=8-168
"UEHICT Plant Grow Lights for Indoor Plants - Full Spectrum Mini Plant Grow Lamps with Stand, High-Efficiency LEDs, Height Adjustable, Auto Timer, Table Top UV Plant Light for Indoor Growing, Seedlings  ",4.4 out of 5 stars,15  ,21.99,https://amazon.com/UEHICT-Plant-Lights-Indoor-Plants/dp/B0B5Z21F9B/ref=sr_1_169?keywords=indoor+plants&qid=1665566711&qu=eyJxc2MiOiI3LjU4IiwicXNhIjoiNy40MiIsInFzcCI6IjYuNzcifQ%3D%3D&sr=8-169
"Plant Stand Shelf Outdoor Indoor for Plants Multiple - 6 Tier Metal Corner Plant Stands Rack - Tiered Vertical Flower Pot Holder Potted Stands Shelves for Patio, Garden, Balcony, Black  ",3.8 out of 5 stars,7  ,24.99,https://amazon.com/Plant-Outdoor-Indoor-Plants-Multiple/dp/B0B4H4QR22/ref=sr_1_170?keywords=indoor+plants&qid=1665566711&qu=eyJxc2MiOiI3LjU4IiwicXNhIjoiNy40MiIsInFzcCI6IjYuNzcifQ%3D%3D&sr=8-170
Whonline 6 Pack Self Watering Pots 8/7/6.5/ Inch Plastic Plant Pots Bottom Watering Plant Pots with Saucer Reservoir and Watering Lip for Indoor Outdoor Flowers Plants Windowsill  ,4.9 out of 5 stars,17  ,24.99,https://amazon.com/Whonline-Watering-Plastic-Reservoir-Windowsill/dp/B0B2D9H16K/ref=sr_1_171?keywords=indoor+plants&qid=1665566711&qu=eyJxc2MiOiI3LjU4IiwicXNhIjoiNy40MiIsInFzcCI6IjYuNzcifQ%3D%3D&sr=8-171
"Grow Light, FOXGARDEN Full Spectrum Plant Light Strip for Indoor Plants, 96 LED Bright Grow Lamp with Auto On/Off Timer 4/8/12H, 4 Dimmable Brightness  ",4.6 out of 5 stars,202  ,11.51,https://amazon.com/FoxGarden-Spectrum-Indoor-Dimmable-Brightness/dp/B09JGPVPP9/ref=sr_1_172?keywords=indoor+plants&qid=1665566711&qu=eyJxc2MiOiI3LjU4IiwicXNhIjoiNy40MiIsInFzcCI6IjYuNzcifQ%3D%3D&sr=8-172
"Laiensia Bamboo 5 Tier 6 Potted Plant Stand Rack Multiple Flower Pot Holder Shelf, Indoor&Outdoor Planter Display Shelves for Patio Garden, Living Room, Corner Balcony and Bedroom,Brown  ",3.3 out of 5 stars,9  ,26.97,https://amazon.com/Laiensia-Multiple-Outdoor-Planter-Display/dp/B09PH18GJC/ref=sr_1_173?keywords=indoor+plants&qid=1665566711&qu=eyJxc2MiOiI3LjU4IiwicXNhIjoiNy40MiIsInFzcCI6IjYuNzcifQ%3D%3D&sr=8-173
"Bamboo 4 Tiers Plant Stands, Planter Pot Holder Shelf, Indoor Outdoor Flower Display Organizer Storage Rack, Heavy Duty Planter Shelving Unit  ",4.5 out of 5 stars,238  ,31.99,https://amazon.com/Planter-Outdoor-Display-Organizer-Shelving/dp/B091Z2S6XP/ref=sr_1_174?keywords=indoor+plants&qid=1665566711&qu=eyJxc2MiOiI3LjU4IiwicXNhIjoiNy40MiIsInFzcCI6IjYuNzcifQ%3D%3D&sr=8-174
"DOMMIA Grow Lights, 2Pcs Full Spectrum Grow Light for Indoor Plants, 84 LEDs Sunlike Plant Grow Light with On/Off Switch for Seed Starting, Hydroponics, Succulents & More, Easy to Assemble  ",4.5 out of 5 stars,129  ,13.59,https://amazon.com/DOMMIA-Spectrum-Starting-Hydroponics-Succulents/dp/B09T6QSSJY/ref=sr_1_175?keywords=indoor+plants&qid=1665566711&qu=eyJxc2MiOiI3LjU4IiwicXNhIjoiNy40MiIsInFzcCI6IjYuNzcifQ%3D%3D&sr=8-175
"Auledio Plant Stand Rack 2 Tier Indoor Outdoor Multiple Holder Shelf,Black  ",4.6 out of 5 stars,819  ,21.59,https://amazon.com/Auledio-Indoor-Outdoor-Multiple-Holder/dp/B098QV12L8/ref=sr_1_176?keywords=indoor+plants&qid=1665566711&qu=eyJxc2MiOiI3LjU4IiwicXNhIjoiNy40MiIsInFzcCI6IjYuNzcifQ%3D%3D&sr=8-176
Honeycomber 1000 - Adjustable Scrog System for Plants - Horizontal Trellis & Plant Trainer - for Indoor or Outdoor Growing - Beginner Friendly Scrogging Kit with Reusable Screen Panels and Wheels  ,4.6 out of 5 stars,5  ,39.99,https://amazon.com/gp/slredirect/picassoRedirect.html/ref=pa_sp_mtf_aps_sr_pg4_1?ie=UTF8&adId=A01795603ERDVG3QLSSSX&url=%2FHoneycomber-1000-Adjustable-Horizontal-Scrogging%2Fdp%2FB0B1729CPF%2Fref%3Dsr_1_177_sspa%3Fkeywords%3Dindoor%2Bplants%26qid%3D1665566711%26qu%3DeyJxc2MiOiI3LjU4IiwicXNhIjoiNy40MiIsInFzcCI6IjYuNzcifQ%253D%253D%26sr%3D8-177-spons%26psc%3D1&qualifier=1665566711&id=1907418054387735&widgetName=sp_mtf
"Succulent Pots 3 Pack, 3.15 Inch Small Plastic Succulent Pots with Drainage, White Succulent Planters Flower Pots for Plants , Plants Not Included  ",4.6 out of 5 stars,24  ,7.99,https://amazon.com/gp/slredirect/picassoRedirect.html/ref=pa_sp_mtf_aps_sr_pg4_1?ie=UTF8&adId=A06529613LXRW793AD12&url=%2FSucculent-Plastic-Drainage-Planters-Included%2Fdp%2FB0B7RTWFVL%2Fref%3Dsr_1_178_sspa%3Fkeywords%3Dindoor%2Bplants%26qid%3D1665566711%26qu%3DeyJxc2MiOiI3LjU4IiwicXNhIjoiNy40MiIsInFzcCI6IjYuNzcifQ%253D%253D%26sr%3D8-178-spons%26psc%3D1&qualifier=1665566711&id=1907418054387735&widgetName=sp_mtf
"Succulent Pots, Warmplus 3 inch Mandala Planter Pot with Drainage and Bamboo Tray, Small Pots for All House Plants, Succulents, Flowers, Cactus, Pack of 6 - Plants Not Included  ",4.7 out of 5 stars,583  ,26.99,https://amazon.com/gp/slredirect/picassoRedirect.html/ref=pa_sp_mtf_aps_sr_pg4_1?ie=UTF8&adId=A042024411213359TDIML&url=%2FSucculent-Warmplus-Mandala-Drainage-Succulents%2Fdp%2FB095YDFZKD%2Fref%3Dsr_1_179_sspa%3Fkeywords%3Dindoor%2Bplants%26qid%3D1665566711%26qu%3DeyJxc2MiOiI3LjU4IiwicXNhIjoiNy40MiIsInFzcCI6IjYuNzcifQ%253D%253D%26sr%3D8-179-spons%26psc%3D1&qualifier=1665566711&id=1907418054387735&widgetName=sp_mtf
OrganiHaus 2-Pack 10 & 12 inch Planters | Round Planter Cover | Rope Plant Baskets Indoor | Flower Pot Covers Wraps | Woven Basket for Plant Pots | Decorative Basket Planter for Indoor Plants - Honey  ,4.6 out of 5 stars,"3,088  ",28.99,https://amazon.com/gp/slredirect/picassoRedirect.html/ref=pa_sp_mtf_aps_sr_pg4_1?ie=UTF8&adId=A02820112JGP3G0018ARV&url=%2FOrganiHaus-2-Pack-Planter-Baskets-Storage%2Fdp%2FB08TM1NCH8%2Fref%3Dsr_1_180_sspa%3Fkeywords%3Dindoor%2Bplants%26qid%3D1665566711%26qu%3DeyJxc2MiOiI3LjU4IiwicXNhIjoiNy40MiIsInFzcCI6IjYuNzcifQ%253D%253D%26sr%3D8-180-spons%26psc%3D1&qualifier=1665566711&id=1907418054387735&widgetName=sp_mtf
"Plant Light for Indoor Plants, JINHONGTO 3000k/5000k/660nm Full Spectrum Grow Light, 3 Light Modes & 10 Dimming Levels with Timer Function  ",4.5 out of 5 stars,118  ,17.59,https://amazon.com/Indoor-JINHONGTO-Spectrum-Dimming-Function/dp/B09M3BZ7GQ/ref=sr_1_182?keywords=indoor+plants&qid=1665566711&qu=eyJxc2MiOiI3LjU4IiwicXNhIjoiNy40MiIsInFzcCI6IjYuNzcifQ%3D%3D&sr=8-182
"HOMENOTE Plant Pots, Set of 15 Plastic Planters with Multiple Drainage Holes and Tray 6 inch Indoor Plant Pot for All Home Garden Flowers Succulents (White)  ",4.7 out of 5 stars,"3,764  ",16.79,https://amazon.com/HOMENOTE-Planters-Multiple-Drainage-Succulents/dp/B08CDM91T4/ref=sr_1_183?keywords=indoor+plants&qid=1665566711&qu=eyJxc2MiOiI3LjU4IiwicXNhIjoiNy40MiIsInFzcCI6IjYuNzcifQ%3D%3D&sr=8-183
"TKRSRK 2 Pcs Iron Garden Trellis for Climbing Plants, 13.6"" Rust-Proof Small Trellis for Indoor Potted Plants, Round Circle Trellis with Bird, Metal Vine Plant Support Trellis for Vines - Black  ",4.7 out of 5 stars,117  ,9.99,https://amazon.com/TKRSRK-Trellis-Climbing-Rust-Proof-Support/dp/B0B2JY58YW/ref=sr_1_185?keywords=indoor+plants&qid=1665566711&qu=eyJxc2MiOiI3LjU4IiwicXNhIjoiNy40MiIsInFzcCI6IjYuNzcifQ%3D%3D&sr=8-185
Plant Stand Indoor Outdoor 3 Tier 35'' Tall Metal Plant Rack Organizer 3 Flower Pot Holder Shelves Planter Display Storage Shelf for Home Garden Patio Bathroom Office Living Room Balcony Corner(Black)  ,4.5 out of 5 stars,298  ,39.99,https://amazon.com/Outdoor-Organizer-Shelves-Planter-Bathroom/dp/B09M8CBBSC/ref=sr_1_186?keywords=indoor+plants&qid=1665566711&qu=eyJxc2MiOiI3LjU4IiwicXNhIjoiNy40MiIsInFzcCI6IjYuNzcifQ%3D%3D&sr=8-186
"Plant Stand Indoor Outdoor 4 Tier Metal Tall Plant stand - Tiered Corner Plant Stands for Plants Multiple - Tall Plant Rack for Patio, Living Room - Flower Pot Holder Stands Shelves  ",4.7 out of 5 stars,12  ,35.99,https://amazon.com/Plant-Stand-Indoor-Outdoor-Metal/dp/B0B41NK3YL/ref=sr_1_187?keywords=indoor+plants&qid=1665566711&qu=eyJxc2MiOiI3LjU4IiwicXNhIjoiNy40MiIsInFzcCI6IjYuNzcifQ%3D%3D&sr=8-187
Fashionstorm Indoor Outdoor Glass Hanging Planters Plant Pots Water Plant Containers Flower Pots Glass Terrariums 3 Pieces  ,4.5 out of 5 stars,"1,813  ",15.99,https://amazon.com/Fashionstorm-Irregular-Geometric-Planters-Including/dp/B00UTL4OPM/ref=sr_1_188?keywords=indoor+plants&qid=1665566711&qu=eyJxc2MiOiI3LjU4IiwicXNhIjoiNy40MiIsInFzcCI6IjYuNzcifQ%3D%3D&sr=8-188
"Grow Light for Indoor Plants, LBW Full Spectrum Desk LED Plant Light, Small Grow Lamp with On/Off Switch, Height Adjustable, Flexible Gooseneck, Ideal for Indoor Grow  ",4.5 out of 5 stars,285  ,23.99,https://amazon.com/LBW-Spectrum-Seedlings-Adjustable-Gooseneck/dp/B099DMY1ZT/ref=sr_1_189?keywords=indoor+plants&qid=1665566711&qu=eyJxc2MiOiI3LjU4IiwicXNhIjoiNy40MiIsInFzcCI6IjYuNzcifQ%3D%3D&sr=8-189
Plant Stand Indoor Outdoor - Metal 2 Tier Flower Pot Holder Display Vertical Shelves Shelf - Wrought Iron Corner Planter Rack Multiple Organizer for Garden Patio Lawn Balcony Office  ,4.2 out of 5 stars,5  ,19.99,https://amazon.com/Plant-Stand-Indoor-Outdoor-Organizer/dp/B0B5V7WBGV/ref=sr_1_190?keywords=indoor+plants&qid=1665566711&qu=eyJxc2MiOiI3LjU4IiwicXNhIjoiNy40MiIsInFzcCI6IjYuNzcifQ%3D%3D&sr=8-190
"Veakoo Plant Stand Indoor Outdoor,11 Tiered Tall Wood Flower Stands Large Plant Shelf Multiple Garden Shelves Window Display Holder Rack for Corner Balcony Patio Living Room Bedroom with 3 Free Tool  ",4.5 out of 5 stars,720  ,35.99,https://amazon.com/Veakoo-Outdoor-Multiple-Shelves-Display/dp/B09G6BCMMS/ref=sr_1_191?keywords=indoor+plants&qid=1665566711&qu=eyJxc2MiOiI3LjU4IiwicXNhIjoiNy40MiIsInFzcCI6IjYuNzcifQ%3D%3D&sr=8-191
"Green Bamboo Sticks Plant Stakes, Plant Support Sticks for Indoor Plants, GAGINANG Sturdy Bamboo Stakes, Floral Plant Support for Indoor and Outdoor Plants 25 Pack (18 inches)  ",4.4 out of 5 stars,127  ,6.99,https://amazon.com/Bamboo-Sticks-Support-GAGINANG-Outdoor/dp/B09TVKDWGK/ref=sr_1_192?keywords=indoor+plants&qid=1665566711&qu=eyJxc2MiOiI3LjU4IiwicXNhIjoiNy40MiIsInFzcCI6IjYuNzcifQ%3D%3D&sr=8-192
"INLI Macrame Plant Hanger Indoor Hanging Macrame Planters 35"" Beads Single Tier Plant Macrame Hanger Hanging Plant Holders for 5-10” Planters. No Tassel Macrame Plant Hangers.  ",4.7 out of 5 stars,360  ,8.99,https://amazon.com/INLI-Macrame-Planters-Planters-Hangers/dp/B09MRH5V25/ref=sr_1_193?keywords=indoor+plants&qid=1665566711&qu=eyJxc2MiOiI3LjU4IiwicXNhIjoiNy40MiIsInFzcCI6IjYuNzcifQ%3D%3D&sr=8-193
"Plant Stands Indoor Tall, 3 Tier Plant Stands with Racks, 40 Inch Bamboo Plant Shelf for Corner, Walnut Color Planter Holders for Living Room, Flower Rack for Balcony Patio  ",4.6 out of 5 stars,141  ,30.39,https://amazon.com/DolceLuna-Stands-Planter-Holders-Balcony/dp/B09Q3FB5G5/ref=sr_1_195?keywords=indoor+plants&qid=1665566711&qu=eyJxc2MiOiI3LjU4IiwicXNhIjoiNy40MiIsInFzcCI6IjYuNzcifQ%3D%3D&sr=8-195
"Lxyoug LED Grow Lights for Indoor Plants Full Spectrum Plant Light with 15-60 inches Adjustable Tripod Stand, Red Blue White Floor Grow Lamp with 4/8/12H Timer with Remote Control  ",4.6 out of 5 stars,"2,940  ",29.49,https://amazon.com/Lights-Indoor-Spectrum-Adjustable-Control/dp/B094J35S9C/ref=sr_1_196?keywords=indoor+plants&qid=1665566711&qu=eyJxc2MiOiI3LjU4IiwicXNhIjoiNy40MiIsInFzcCI6IjYuNzcifQ%3D%3D&sr=8-196
"BluemingHomeDecor Plant Basket – Large Seagrass Planter Baskets for Indoors, Woven Rattan Planters for Tall Indoor Plants with Handles, Wicker Boho Decorative Plant Pot (Large, 11-12 Inch)  ",4.6 out of 5 stars,286  ,18.99,https://amazon.com/Plant-Baskets-Seagrass-Planter-Durable/dp/B091V4NPPH/ref=sr_1_197?keywords=indoor+plants&qid=1665566711&qu=eyJxc2MiOiI3LjU4IiwicXNhIjoiNy40MiIsInFzcCI6IjYuNzcifQ%3D%3D&sr=8-197
"2 Pack Hanging Planters Set,10 Inch Indoor Outdoor Hanging Plant Pot Basket,Hanging Flower Pot with Drainage Hole with 3 Hooks for Garden Home(Green)  ",4.7 out of 5 stars,559  ,24.99,https://amazon.com/Hanging-Planters-Indoor-Outdoor-Drainage/dp/B09NCRY1BG/ref=sr_1_198?keywords=indoor+plants&qid=1665566711&qu=eyJxc2MiOiI3LjU4IiwicXNhIjoiNy40MiIsInFzcCI6IjYuNzcifQ%3D%3D&sr=8-198
"Plant Stand, Metal Plant Stands for Indoor Plants Adjustable for 8 9 10 11 12 inches Pot, Planter Stand Mid Century Stable Stylish Corner Plant Stand for Outdoor, Gold 1Pack, Pot not Included  ",4.3 out of 5 stars,404  ,25.99,https://amazon.com/Adjustable-Planter-Century-Stylish-Included/dp/B08JT7Y9F6/ref=sr_1_199?keywords=indoor+plants&qid=1665566711&qu=eyJxc2MiOiI3LjU4IiwicXNhIjoiNy40MiIsInFzcCI6IjYuNzcifQ%3D%3D&sr=8-199
"AISBUGUR Ceramic Plant Pots 6 inch Pots for Indoor Plants Set of 2 Flower Pots Unique Crackle Glaze Design Plant Pots with Drainage Hole and Saucer Come with Drainage Nets, Grey  ",4.9 out of 5 stars,20  ,22.49,https://amazon.com/AISBUGUR-Ceramic-Plant-Pots-Indoor-Plants-Crackle-Drainage/dp/B09Y59LSYD/ref=sr_1_200?keywords=indoor+plants&qid=1665566711&qu=eyJxc2MiOiI3LjU4IiwicXNhIjoiNy40MiIsInFzcCI6IjYuNzcifQ%3D%3D&sr=8-200
"EZORKAS Grow Light, 150W Equivalent Tri Head Timing 120 LED 9 Dimmable Levels Plant Grow Lights for Indoor Plants with Red Blue Spectrum, Adjustable Gooseneck, 3 9 12H Timer, 3 Switch Modes  ",4.7 out of 5 stars,"14,074  ",17.99,https://amazon.com/EZORKAS-Dimmable-Spectrum-Adjustable-Gooseneck/dp/B07ZHY1B4C/ref=sr_1_202?keywords=indoor+plants&qid=1665566711&qu=eyJxc2MiOiI3LjU4IiwicXNhIjoiNy40MiIsInFzcCI6IjYuNzcifQ%3D%3D&sr=8-202
"PeerBasics, Indoor Plant Trellis, 6 Pack, Climbing Garden Leaf Shape Supports, for DYI Climbing Stems Stalks & Vine Vegetable Potted Garden (6)  ",4.4 out of 5 stars,"1,848  ",10.99,https://amazon.com/PeerBasics-Trellis-Climbing-Supports-Vegetable/dp/B085J18975/ref=sr_1_203?keywords=indoor+plants&qid=1665566711&qu=eyJxc2MiOiI3LjU4IiwicXNhIjoiNy40MiIsInFzcCI6IjYuNzcifQ%3D%3D&sr=8-203
"Metal Plant Stand Indoor Outdoor, 6 Tier Corner Plant Shelf Stands for Plants Multiple, Vertical Tall Flower Pot Holder Stands, Tiered Planter Rack for Patio, Garden, Balcony, Living Room, Black  ",4.1 out of 5 stars,24  ,25.99,https://amazon.com/Outdoor-Multiple-Vertical-Planter-Balcony/dp/B0B1C1BWXD/ref=sr_1_204?keywords=indoor+plants&qid=1665566711&qu=eyJxc2MiOiI3LjU4IiwicXNhIjoiNy40MiIsInFzcCI6IjYuNzcifQ%3D%3D&sr=8-204
